,,,,,,,,,,,,,,,,,
1,Name of kriya,,Steps,step 1,step 2,step 3,step 4,step 5,step 6,step 7,step 8,step 9,step 10,step 11,step 12,,
,,,,,,,,,,,,,,,,,
2,Care For Achromatopsia,,1. PASHCHIMOTTA ASANA 2. SHEETHALEE KUMBHAKA 3. SEETHKAAREE KUMBHAKA 4. PAVANA MUKTHASANA 5. TRINETRA KUMBHAKA 6. TRISHOOLA KUMBHAKA,"1. Pashchimotta
1. Sit with the legs stretched, the heels not touching one another. 2. Bend forward 3. Place your forehead on the knees 4. Catch hold of the feet with your hands 5. Remain in this pose 30 seconds IN PASHCHIMOTTA ASANA, NEXT -","2. SHEETHALEE KUMBHAKA
1. Continue to sit in same asana 2. Close the eyes and relax the whole body 3. Extend the tongue outside the mouth and roll the sides of the tongue up so that it forms a tube 4. Inhale slowly through the tongue and fill the abdomen slowly 5. At the end of inhalation, roll the tongue in, close the mouth 6. Retain it there for a short time 7. Then exhale through both the nostrils 8. Do this 3 minutes IN PARVATA ASANA, NEXT-","3. Seethkaaree Praanaayaama
1. Stay in same asana 2. Press the lower and upper teeth together and separate the lips as much as comfortable 3. Breath in slowly through the gaps of the teeth 4. Listen to the sound of the breath as the air is being drawn in 5. Close the mouth at the end of the inhalation 6. Exhale slowly through the nose 7. Do this for 7 minutes","4. Pavana Mukthasana 
1. Stay on ground. 2. Bring two heels close to perineal region. 3. Keep the knees raised. Hold knees with two hands and press them against the chest. 4. Remain in this pose for 30 seconds IN PAVANA MUKTHASANA,","5.TRINETRA KUMBHAKA 
1. Inhale through the left nostril 2. Hold the breath as long as you can judiciously 3. Without exhalation, inhale through the right nostril 4. Hold the breath as long as you can judiciously 5. Again without exhaling, inhale through both the nostrils 6. Hold the breath as long as you can judiciously 7. Now exhale through both the nostrils slowly 8. Do this 21 times","6.TRISHOOLA KUMBHAKA
1. Inhale through the nostrils and also through the mouth simultaneously 2. Hold the breath as long as you can judiciously 3. Now exhale through the nostrils slowly and relax 4. Do this 21 times",,,,,,,,
3,Care for Ageing,,1. ARDHA PADMA ASANA 2. KRITTI SHRESHTA KUMBHAKA 3. PRAKRITHI KUMBHAKA 4. SAMAANA KUMBHAKA 5. VYAANA KUMBHAKA 6. SAMA KUMBHAKA 7. SHANTHA KUMBHAKA,TECHNIQUE for Ardha PADMA ASANA 1. Place the right foot on the left thigh 2. Now Place the left foot under the right thigh 3. Concentrate on the tip of the nose. Keep your hands on your thighs in chin mudra 4. Settle in this posture for 30 seconds,"KRITTI SHRESHTA KUMBHAKA
TECHNIQUE
1. Inhale air forcibly through both the nostrils and bring to the heart region 
2. As you are holding push up the air up the throat, palate, eye brow center, and top of the head 
one by one and retain the air at top of the head.
3. Exhale when you can not hold any more
4. Do this 21 times","PRAKRITHI KUMBHAKA
TECHNIQUE
1. As you chant the bija mantra “VA” loudly, suck in air quickly.
2. After you are full, Hold the breath
3. Then slowly exhale normally
4. Do this 21 times","SAMAANA KUMBHAKA
TECHNIQUE
1. Inhale completely till the navel is filled
2. While inhaling visualize that the prana is spread and held all over the body
3. Hold as long as you can judiciously
4. While you hold, visualize the fire element in your navel region
5. When you cannot hold any more, exhale 
6. Do this 21 times","VYAANA KUMBHAKA
TECHNIQUE
1. Inhale Deeply 
2. Hold the breath by contracting the whole body
3. Have intense awareness on your whole body.
42
4. When you cannot hold any more slowly exhale and return to normal breathing 
5. Do this 21 times","SAMA KUMBHAKA
TECHNIQUE
1. Stop inhaling and exhaling
2. Without using the fingers mentally retain the breath 
3. As you are holding bring your awareness to the parts of the body where you feel you have 
stress
4. When you cannot hold any more relax
5. Do this 21 times","SHANTHA KUMBHAKA
TECHNIQUE
1. Inhale deeply and hold the breath inside
2. Visualize the breath inside and outside the body
3. Hold as long as possible
4. Relax when you cannot hold any more
5. Do this 21 times",,,,,,,
4,Cure For Achromatopsia,,"1. PARVATA ASANA
2. SHEETHALEE KUMBHAKA
3. SEETHKAAREE KUMBHAKA
4. RUDRASANA
5. TRINETRA KUMBHAKA
6. TRISHOOLA KUMBHAKA","PARVATA ASANA
1. Place the right foot on the left thigh
2. Now place the left foot on the right thigh
3. Keep both the arms raised above the head and join the hands
4. Remain in this pose 30 seconds
(This should be practised in both sitting as well as Lying conditions. But now we do following 
kumbhakas in sitting pose only)","2. SHEETHALEE KUMBHAKA
1. Continue to sit in same asana 2. Close the eyes and relax the whole body 3. Extend the tongue outside the mouth and roll the sides of the tongue up so that it forms a tube 4. Inhale slowly through the tongue and fill the abdomen slowly 5. At the end of inhalation, roll the tongue in, close the mouth 6. Retain it there for a short time 7. Then exhale through both the nostrils 8. Do this 3 minutes IN PARVATA ASANA, NEXT-","3. Seethkaaree Praanaayaama
1. Stay in same asana 2. Press the lower and upper teeth together and separate the lips as much as comfortable 3. Breath in slowly through the gaps of the teeth 4. Listen to the sound of the breath as the air is being drawn in 5. Close the mouth at the end of the inhalation 6. Exhale slowly through the nose 7. Do this for 7 minutes","RUDRASANA
1. Be seated on the ground
2. Hold the corresponding feet by inserting hands under the pair of heels
3. Bring the heels towards chest
4. Fix the gaze at the tip of the nose
5. Remain in this pose 30 second","5.TRINETRA KUMBHAKA 
1. Inhale through the left nostril 2. Hold the breath as long as you can judiciously 3. Without exhalation, inhale through the right nostril 4. Hold the breath as long as you can judiciously 5. Again without exhaling, inhale through both the nostrils 6. Hold the breath as long as you can judiciously 7. Now exhale through both the nostrils slowly 8. Do this 21 times","6.TRISHOOLA KUMBHAKA
1. Inhale through the nostrils and also through the mouth simultaneously 2. Hold the breath as long as you can judiciously 3. Now exhale through the nostrils slowly and relax 4. Do this 21 times",,,,,,,,
5,Care For Addiction,,"STEPS TO BE FOLLOWED
1. BHADRA ASANA
2. KEVALEE KUMBHAKA
3. KAPAALABHAATI
4. JONEE ASANA
5. LAHIRI PRAANAAYAAMAA
6. BHRAAMAREE KUMBHAKA
7. PLAAVINEE KUMBHAK","BHADRA ASANA, 
1. Bend both the legs to the back, keep the feet facing up and Sit on it
2. Take both your hands to the back and hold your right toes with the left hand and left toes with 
the right hand
3. Do Jaalandhara bandha, contract your throat, bend your chin and rest it on your chest
4. Concentrate your gaze on the tip of your nose
5. Remain in this pose for 30 seconds and release the Jaalandhara bandha","KEVALEE KUMBHAKA
1. Inhale through the right nostril along with the internal chanting of the mantra 'sam'
2. Hold as long as you can judiciously
3. While holding the breath, chant internally the mantra 'soham' slowly.
4. Exhale through the left nostril with the internal chanting of the mantra 'ham'
5. Do this 21 times","KAPAALABHAATI PRAANAAYAAMAA
TRANSLATION-cum-TECHNIQUE
1. Breath out short and fast as you pull your abdomen in and up.
2. Allow the body to inhale by itself
3. Do this 21 times","JONEE ASANA
1. Stay on the floor with legs extended and bring heels and knees apart. 
2. Close the heels together. 
3. Bend the head forward and place it on heels. 
4. Close hands together and keep the forearms on ground.
5. Gaze at the tip of the nose
6. Remain in this posture for 30 seconds","LAHARI PRAANAAYAAMAA
1. Breath in with short inhalation with one nostril
2. Then Breath out with short exhalation with the other nostril 
3. Do this 21 times","BHRAAMAREE KUMBHAKA
1. Close your ears with hands and close your eyes and hum intensely.
2. Do this for 7 minutes, then relax.
Note: 10-15 minutes after doing this kumbhaka one should eat something","PLAAVINEE KUMBHAKA
1. Stay on same posture
2. Inhale completely
3. Contract the throat and rest your chin on the chest
4. Retain the air inside as much as you can possible
5. When you can't hold anymore, Release the throat lock and exhale slowly 
6. Do this 21 times",,,,,,,
6,Cure For Addiction,,"1. SIDDHAASANAM
2. VYAANA KUMBHAKA
3. KOORMA KUMBHAKA
4. NAAGA KUMBHAKA
5. JONEE ASANA
6. PRAKRITI KUMBHAKA
7. AGNEESHOMA KUMBHAKA","1. SIDDHAASANAM
1. One heel should be placed in the space between the genitals and anus and the other heel 
should be placed on the root of the genitals.
2. The chin should be placed on the chest. 
3. Keep the backbone straight, winning over the strong emotions, remaining calm, 
4. Gaze through the third eye .
5. Maintain the pose for 30 second","2. VYAANA KUMBHAKA
1. Inhale Deeply 
2. Hold the breath by contracting the whole body
3. Have intense awareness and visualize the whole body contracting: abdomen, throat, chest, 
back, the whole body
4. When you cannot hold anymore slowly exhale
5. Do this 21 times","3.KOORMA KUMBHAKA
1. Continue to be seated in the same asana
2. Fix your sight at one point and stare
3. Do not blink your eyes
4. Do not allow your eye balls to move.
5. Do not move your body.
6. Put your awareness on the nose (This creates certain awareness and cleanses parts inside 
your brain.Naturally your breath intake and exhalation level will come down and the Kumbhaka–
holding of the breath will happen.) 
7. When you can't hold anymore, relax
8. Then again stare
9. Do this 21 times","4. NAAGA KUMBHAKA
1. Swallow air very slowly and let the air go little by little like eating rice morsel by morsel.
2. Once you are full, immediately contract the throat, place the chin on the chest
3. Hold the breath in this posture as long as possible
4. Then release the lock and exhale slowly from the throat
5. Do this 21 times","5. JONEE ASANA
1. Stay on the floor with legs extended and bring heels and knees apart. 
2. Close the heels together. 
3. Bend the head forward and place it on heels. 
36
4. Close hands together and keep the forearms on ground.
5. Gaze at the tip of the nose
6. Remain in this posture for 30 seconds","6. PRAKRITHI KUMBHAKA
1. As you chant the bija mantra “VA” loudly, suck in air quickly.
2. After you are full, hold the breath
3. Then slowly exhale normally
4. Do this 21 times
P.S: If you have Hypertension, Hernia or if you are Pregnant do not hold the breath","7. AGNEESHOMA KUMBHAKA
1. Inhale through the right nostril
2. Hold the breath
3. Exhale through the left nostril
4. Now inhale through left nostril 
5. Hold the breath
6. Exhale through right nostril.
7. Do this 21 times",,,,,,,
7,Cure FOR AGING,,"1. ARDHA PADMA ASANA
2. SHOONYAKA KUMBHAKA
3. ANTAH KUMBHAKA
4. BAHIH KUMBHAKA
5. KEVALEE KUMBHAKA
6. BHOROLIKAA
7. KUMBHA RAAJAA KUMBHAKA
8. SURYA BHEDANA KUMBHAKA","1. ARDHA PADMA ASANA
1. Place the right foot on the left thigh 
2. Now Place the left foot under the right thigh
3. Concentrate on the tip of the nose. Keep your hands on your thighs in chin mudra
4. Settle in this posture for 30 seconds
Note: Practising Padma asana half way through is called Ardha PADMA ASANA","SHOONYAKA KUMBHAKA
1. Exhale completely
2. Hold the breath outside as long as you can
3. Now visualize moon on the crown of your head
4. Visualize nectar oozing out of the moon
5. Mentally suck the nectar
6. When you can’t hold the breath outside, slowly inhale
7. Do this 21 times","ANTAH KUMBHAKA
1. Close your eyes
2. Unclutch 
3. Inhale and hold the breath
4. Be in the unclutched state
5. Exhale slowly and relax and Breath two or three times normally
6. Do this 21 times","4. BAHIH KUMBHAKA
1. Slowly exhale
2. Retain the breath as long as possible outside without any visualization
3. Then slowly relax and inhale
4. Do this 21 times","KEVALEE KUMBHAKA
1. Inhale through the right nostril along with the internal chanting of the mantra 'sam'
2. Hold as long as you can judiciously
3. While holding the breath, chant internally the mantra 'soham' slowly.
4. Exhale through the left nostril with the internal chanting of the mantra 'ham'
5. Do this 21 times","BHOROLIKAA
1. Along with the a humming sound inhale completely
2. Without using the fingers to close the nose retain the breath inside as long as you can
3. When you can't hold more, release the breath through the nostrils without humming
4. Repeat this 21 times","KUMBHA RAAJAA
1. Inhale forcefully 
2. Hold the breath to the maximum capacity by closing the nostrils
3. Exhale when you feel you cannot hold more.
4. Do this 21 times","8. SURYA BHEDANA KUMBHAKA
1. Inhale with sound through the right nostril till the throat gets filled
2. Hold as long as possible
3. Then slowly exhale through the left nostril
4. Do this 21 times",,,,,,
8,Care FOR ANGER,,"1. DURVAASA ASANA
2. UDDEEYAANA BANDHA
3. JAALANDHARA BANDHA
4. BHASTRIKAA
5. SEETHKAAREE PRAANAAYAAMA
6. SHEETHALEE KUMBHAKA","DURVAASA ASANA
1. Stay on the floor 
2. Bend your right knee and place the right leg on the left side hip
3. Bend the left knee and place the left foot on the above the right thigh so that the left foot is 
placed near the right side hip
4. Touch the right hand finger tips with the middle joints of left fingers
5. Place the hands on the genitals
6. Fix the gaze at the eye brow center 
7. Remain in this position for 30 seconds","2. UDDEEYAANA BANDHA
1. Stay on same asana and Keep the spine straight. Head should be up and eyes open
2. Take a deep breath in and exhale completely, but do not be forceful
3. After exhaling, perform jalandhara bandha by moving the chin down to the chest and raising 
the shoulders
4. Pull the abdominal muscles inward so that the organs of the abdomen touch the back 
muscles
5. Hold as long as you can
6. When you can’t hold anymore, Before inhaling, relax the stomach and abdomen, release
 jaalandhara bandha by raising the head
7. Then inhale through the nostrils slowly
8. Before repeating another round, breathe normally for a minute or two
9. Initially start with 3 times and gradually increase upto 10 times","3.JAALANDHARA BANDHA
1. Remain in same asana
2. Inhale fully
53
3. Place the chin on the chest and contract the throat
4. Fix the Gaze at the tip of the nose
5. Hold as long as possible judiciously
6. Release the throat lock and exhale slowly, when you feel you can’t hold anymore
Do this 21 times","4. BHASTRIKAA
1. Inhale slowly expanding the stomach
54
2. Exhale slowly
3. Do this 21 times
4. After 21 times, Now inhale slowly
5. Hold the breath as long as you can 
6. When you feel you cant hold quickly expel the air with the sound of bellows. At this moment 
the stomach should contract to touch the back
(This is one Bhastrikaa)
7. Do this complete sequence three times","5.SEETHKAAREE PRAANAAYAAMA
1. Stay in same asana 
2. Press the lower and upper teeth together and separate the lips as much as comfortable
3. Breath in slowly through the gaps of the teeth
4. Listen to the sound of the breath as the air is being drawn in
5. Close the mouth at the end of the inhalation
6. Exhale slowly through the nose
7. Do this 21 times","6. SHEETHALEE KUMBHAKA
1. Continue to sit in same asana
2. Close the eyes and relax the whole body
3. Extend the tongue outside the mouth and roll the sides of the tongue up so that it forms a tube
4. Inhale slowly through the tongue and fill the abdomen slowly
5. At the end of inhalation, roll the tongue in, close the mouth
6. Retain it there for a short time
7. Then exhale through both the nostrils
8. Do this 21 times",,,,,,,,
9,Cure For Anger,,"1. EKAPAADA ASANA
2. UDDEEYAANA BANDHA
3. JAALANDHARA BANDHA
4. BHASTRIKAA KUMBHAKA
5. SEETHKAAREE PRAANAAYAAMAA
6. SHEETHALEE KUMBHAKA","1. EKAPAADA ASANA
1. Stand up
2. Balance yourself and place the right foot on the left thigh
3. Touch the knees with the respective hands.
4. Continue to balance yourself in this pose and remain in this posture for 30 seconds","2. UDDEEYAANA BANDHA
1. Stay on same asana and Keep the spine straight. Head should be up and eyes open
2. Take a deep breath in and exhale completely, but do not be forceful
3. After exhaling, perform jalandhara bandha by moving the chin down to the chest and raising 
the shoulders
4. Pull the abdominal muscles inward so that the organs of the abdomen touch the back 
muscles
5. Hold as long as you can
6. When you can’t hold anymore, Before inhaling, relax the stomach and abdomen, release
 jaalandhara bandha by raising the head
7. Then inhale through the nostrils slowly
8. Before repeating another round, breathe normally for a minute or two
9. Initially start with 3 times and gradually increase upto 10 times","3. JAALANDHARA BANDHA
1. Remain in same asana
2. Inhale fully
3. Place the chin on the chest and contract the throat
4. Hold as long as possible judiciously
5. When you can't hold anymore, Release the throat lock and exhale slowly","4. BHASTRIKAA 1. Inhale slowly expanding the stomach 54 2. Exhale slowly 3. Do this 21 times 4. After 21 times, Now inhale slowly 5. Hold the breath as long as you can 6. When you feel you cant hold quickly expel the air with the sound of bellows. At this moment the stomach should contract to touch the back (This is one Bhastrikaa) 7. Do this complete sequence three times","5.SEETHKAAREE PRAANAAYAAMA
1. Stay in same asana 
2. Press the lower and upper teeth together and separate the lips as much as comfortable
3. Breath in slowly through the gaps of the teeth
4. Listen to the sound of the breath as the air is being drawn in
5. Close the mouth at the end of the inhalation
6. Exhale slowly through the nose
7. Do this 21 times","6. SHEETHALEE KUMBHAKA
1. Continue to sit in same asana
2. Close the eyes and relax the whole body
3. Extend the tongue outside the mouth and roll the sides of the tongue up so that it forms a tube
4. Inhale slowly through the tongue and fill the abdomen slowly
5. At the end of inhalation, roll the tongue in, close the mouth
6. Retain it there for a short time
7. Then exhale through both the nostrils
8. Do this 21 times",,,,,,,,
10,Care For Anxiety,,"1.MATSYENDRA ASANA
2.TRISHOOLA KUMBHAKA
3.SEETKAAREE PRAANAAYAAMA
4.SHEETALEE KUMBHAKA
5.TRINETRA KUMBHAKA","1. MATSYENDRA ASANA
1. Sit and Stretch your legs
63
2. Relax your stomach
3. Bend your left leg and place it over your right lap.Keep the left knee upright.Keep the left knee 
upright
4. Now place the right elbow on the left knee
5. Place your cheek on right palm 
6. Fix your gaze at the center of the eye brows
7. Stable in this asana for 30 seconds","2.TRISHOOLA KUMBHAKA 
1. Inhale through the nostrils and also through the mouth simultaneously 2. Hold the breath as long as you can judiciously 3. Now exhale through the nostrils slowly and relax 4. Do this 21 times","3.SEETHKAAREE PRAANAAYAAMA
1. Stay in same asana 
2. Press the lower and upper teeth together and separate the lips as much as comfortable
3. Breath in slowly through the gaps of the teeth
4. Listen to the sound of the breath as the air is being drawn in
5. Close the mouth at the end of the inhalation
6. Exhale slowly through the nose
7. Do this 21 times","4. SHEETHALEE KUMBHAKA
1. Continue to sit in same asana
2. Close the eyes and relax the whole body
3. Extend the tongue outside the mouth and roll the sides of the tongue up so that it forms a tube
4. Inhale slowly through the tongue and fill the abdomen slowly
5. At the end of inhalation, roll the tongue in, close the mouth
6. Retain it there for a short time
7. Then exhale through both the nostrils
8. Do this 21 times","5.TRINETRA KUMBHAKA
1. Inhale through the left nostril 2. Hold the breath as long as you can judiciously 3. With out exhalation, inhale through the right nostril 4. Hold the breath as long as you can judiciously 5. Again without exhaling, inhale through both the nostrils 6. Hold the breath as long as you can judiciously 7. Now exhale through both the nostrils slowly 8. Do this 21 times",,,,,,,,,
11,Cure For Anxiety,,"1. VARAHA ASANA
2. TRISHOOLA KUMBHAKA
3. SEETHKAAREE PRAANAAYAAMAA
4. SHEETHALEE KUMBHAKA
5. TRINETRA KUMBHAKA","1. VARAHA ASANA
1. Stay on the floor in the squatting position
2. Keep the feet together and place the heels at the buttocks
3. Spread the toes apart
4. Raise the knees and press the abdomen with thighs
5. Join the palms together and take them to the back
6. Fix the gaze at the tip of the nose.
7. Stay in this pose 30 seconds","2.TRISHOOLA KUMBHAKA 
1. Inhale through the nostrils and also through the mouth simultaneously 2. Hold the breath as long as you can judiciously 3. Now exhale through the nostrils slowly and relax 4. Do this 21 times","3.SEETHKAAREE PRAANAAYAAMA
1. Stay in same asana 
2. Press the lower and upper teeth together and separate the lips as much as comfortable
3. Breath in slowly through the gaps of the teeth
4. Listen to the sound of the breath as the air is being drawn in
5. Close the mouth at the end of the inhalation
6. Exhale slowly through the nose
7. Do this 21 times","4. SHEETHALEE KUMBHAKA
1. Continue to sit in same asana
2. Close the eyes and relax the whole body
3. Extend the tongue outside the mouth and roll the sides of the tongue up so that it forms a tube
4. Inhale slowly through the tongue and fill the abdomen slowly
5. At the end of inhalation, roll the tongue in, close the mouth
6. Retain it there for a short time
7. Then exhale through both the nostrils
8. Do this 21 times","5.TRINETRA KUMBHAKA
1. Inhale through the left nostril 2. Hold the breath as long as you can judiciously 3. With out exhalation, inhale through the right nostril 4. Hold the breath as long as you can judiciously 5. Again without exhaling, inhale through both the nostrils 6. Hold the breath as long as you can judiciously 7. Now exhale through both the nostrils slowly 8. Do this 21 times",,,,,,,,,
12,Care For Arthritis,,"1. BHADRA ASANA
2. SHOONYAKA KUMBHAKA
3. KEVALA KUMBHAKA
4. BHOROLIKAA KUMBHAKA
5. TRAATAKA KUMBHAKA
6. VAM GATI KUMBHAKA
7. KUMUDA KUMBHAKA
8. KRAMA NETRA","1. BHADRA ASANA
1. Place the heels adjacent to each other and close to the perineum
2. Hold the feet with hands
3. Remain steady for 30 seconds","2. SHOONYAKA KUMBHAKA
1. Exhale completely
2. Hold the breath outside as long as you can
3. Now visualize moon on the crown of your head
4. Visualize nectar oozing out of the moon
5. Mentally suck the nectar
6. When you can’t hold the breath outside, slowly inhale
7. Do this 21 times","KEVALA KUMBHAKA
1. Hold the breath automatically without inhalation or exhalation specifically.
2. When you cannot hold anymore relax
3. Allow the breathing to become normal
4. Do this 21 times","4. BHOROLIKAA
1. Along with the a humming sound inhale completely
2. Without using the fingers to close the nose retain the breath inside as long as you can
3. When you can't hold more, release the breath through the nostrils without humming
4. Repeat this 21 times","5. TRAATAKA KUMBHAKA 1. Pull your tongue upwards 2. Inhale through the nostrils, Retain, and contract the throat and rest the chin on the chest 3. When you can’t hold, Exhale through the nostrils 4. Repeat this 21 times","6.VAAMA GATI KUMBHAKA
1. Inhale through both the nostrils
2. Hold the breath as long as possible judiciously
3. Exhale through both the nostrils.
4. Repeat this 21 times","7. KUMUDA KUMBHAKA
1. Inhale through the left nostril
2. Hold the breath
3. Exhale through both the nostrils
4. Repeat this 21 times","8. KRAMA NETRA KUMBHAKA
1. Inhale through the right nostril
2. Hold the breath
3. Inhale through the left nostril
4. Hold the breath
5. Exhale through the right nostril
6. Hold the breath
7. Exhale through the left nostril
8. Hold the breath
9. Do this 21 times",,,,,,
13,Cure For Arthritis,,"1. ARDHA PADMA ASANA
2. BHOOTA SHUDDHI KUMBHAKA
3. BHRAAMAREE KUMBHAKA
4. ANTARANGA KUMBHAKA
5. BHASTRIKAA KUMBHAKA","1. ARDHA PADMA ASANA
1. Place the right foot on the left thigh 
2. Now Place the left foot under the right thigh
3. Concentrate on the tip of the nose. Keep your hands on your thighs in chin mudra
4. Settle in this posture for 30 seconds","2. BHOOTA SHUDDHI KUMBHAKA
1. Inhale (for 16 matras)
2. Hold the breath (for 64 matras)and retain the awareness at the same time in your heart, navel, 
svadishtana, muladhara, throat center and the eyebrow center
3. Exhale (in 32 matras)
4. Do this 7 minutes","3. BHRAAMAREE KUMBHAKA
1. Inhale rapidly with the sound ‘mmm’ of a bee
2. Hold 
3. Exhale steadily and slowly with the sound of a ‘mmm’ of a bee
4. Do this 21 times 
(you have to take something to eat within 10-15 minutes after doing this kumbhaka)","4. ANTARANGA KUMBHAKA
1. Hold the breath outside after suddenly exhaling
2. Then Hold the breath inside after suddenly inhaling
3. Do this 21 times","5. BHASTRIKAA
1. Inhale slowly expanding the stomach
2. Exhale slowly
3. Do this 21 times
4. After 21 times, now inhale slowly
5. Hold the breath as long as you can 
6. When you feel you can’t hold quickly expel the air with the sound of bellows. At this moment 
the stomach should contract to touch the back
(This is one Bhastrikaa)
7. Do this complete sequence three times",,,,,,,,,
14,Care For Asthma,,"1. SIDDHAASANA
2. NAAGA KUMBHAKA
3. TRINETRA KUMBHAKA
4. TRISHOOLA KUMBHAKA
5. KOORMA KUMBHAKA
6. SAMA KUMBHAKA","1. SIDDHAASANA
1. One heel should be placed in the space between the genitals and anus and the other heel 
should be placed on the genitals.
2. The chin should be placed on the chest. 
3. Keep the backbone straight 
4. Gaze through the third eye .
5. Maintain the pose for 30 seconds","2. NAAGA KUMBHAKA
1. Swallow air very slowly and let the air go little by little like eating rice morsel by morsel.
2. Once you are full, immediately contract the throat, place the chin on the chest
3. Hold the breath in this posture as long as possible
4. Then release the lock and exhale slowly from the throat
5. Do this 21 times","3.TRINETRA KUMBHAKA
1. Inhale through the left nostril 2. Hold the breath as long as you can judiciously 3. With out exhalation, inhale through the right nostril 4. Hold the breath as long as you can judiciously 5. Again without exhaling, inhale through both the nostrils 6. Hold the breath as long as you can judiciously 7. Now exhale through both the nostrils slowly 8. Do this 21 times","4.TRISHOOLA KUMBHAKA 
1. Inhale through the nostrils and also through the mouth simultaneously 2. Hold the breath as long as you can judiciously 3. Now exhale through the nostrils slowly and relax 4. Do this 21 times","5.KOORMA KUMBHAKA
1. Continue to be seated in the same asana
86
2. Fix your sight at one point and stare
3. Do not blink your eyes
4. Do not allow your eye balls to move.
5. Do not move your body.
6. While you stare intensely, automatically the breathing will stop. Hold the breath as long as you 
can. 
7. When you can't hold anymore, relax
8. Then again stare
9. Do this 21 times.","6. SAMA KUMBHAKA
1. Stop inhaling and exhaling
2. Hold the breath and mentally retain the breath 
3. As you are holding bring your awareness to heart
4. When you can not hold any more relax
5. Do this 21 times",,,,,,,,
15,Cure For Asthma,,"1. DURVAASA ASANA
2. NAAGA KUMBHAKA
3. TRINETRA KUMBHAKA
4. TRISHOOLA KUMBHAKA
5. KOORMA KUMBHAKA
6. SAMA KUMBHAKA","1. DURVAASA ASANA
1. Stay on the floor 
2. Bend your right knee and place the right leg on the left side hip
3. Bend the left knee and place the left foot on the above the right thigh so that the left foot is 
placed near the right side hip
4. Touch the right hand finger tips with the middle joints of left fingers
5. Place the hands on the genitals
6. Fix the gaze at the eye brow center 
7. Remain in this position for 30 seconds","2. NAAGA KUMBHAKA
1. Swallow air very slowly and let the air go little by little like eating rice morsel by morsel.
2. Once you are full, immediately contract the throat, place the chin on the chest
3. Hold the breath in this posture as long as possible
4. Then release the lock and exhale slowly from the throat
5. Do this 21 times","3.TRINETRA KUMBHAKA
1. Inhale through the left nostril 2. Hold the breath as long as you can judiciously 3. With out exhalation, inhale through the right nostril 4. Hold the breath as long as you can judiciously 5. Again without exhaling, inhale through both the nostrils 6. Hold the breath as long as you can judiciously 7. Now exhale through both the nostrils slowly 8. Do this 21 times","4.TRISHOOLA KUMBHAKA 
1. Inhale through the nostrils and also through the mouth simultaneously 2. Hold the breath as long as you can judiciously 3. Now exhale through the nostrils slowly and relax 4. Do this 21 times","5.KOORMA KUMBHAKA
1. Continue to be seated in the same asana
86
2. Fix your sight at one point and stare
3. Do not blink your eyes
4. Do not allow your eye balls to move.
5. Do not move your body.
6. While you stare intensely, automatically the breathing will stop. Hold the breath as long as you 
can. 
7. When you can't hold anymore, relax
8. Then again stare
9. Do this 21 times.","6. SAMA KUMBHAKA
1. Stop inhaling and exhaling
2. Hold the breath and mentally retain the breath 
3. As you are holding bring your awareness to heart
4. When you can not hold any more relax
5. Do this 21 times",,,,,,,,
16,Care For Attention Deficit Disorder,,"1. VAJRA ASANA
2. DAKSHINAVARTHA SHANKHA KUMBHKA
3. VAMAVARTHA SHANKHA KUMBHAKA
4. GADAA KUMBHAKA","1. VAJRA ASANA
1. With knees, ankles and big toes touching the ground, stand on a kneeling position.
2. Sit erect with the heels under your buttocks
3. Erect in this asana 30 second","2. DAKSHINAAVARTA SHANKHA KUMBHAKA
1. Inhale deeply and fully through the right nostril
2. Hold the breath inside as long as possible
3. When you can’t hold anymore slowly release the breath through the left nostril
4. Again inhale deeply and fully through the right nostril
5. Hold the breath inside as long as possible
6. When you can’t hold anymore slowly release the breath through the left nostril
(practice as described from points 1-6 once more. With this two rounds of Dakshinavartha 
chakrakumbhaka is completed. Then do one round of agnishoma kumbhaka as described below)
7. Inhale through the right nostril
8. Hold the breath
9. Exhale through the left nostril
10. Now inhale through the left nostril
11. Hold the breath
12. Exhale through the right nostril
13. Do this 21 time","3. VAAMAAVARTHA SHANKHA KUMBHAKA
1. Inhale through left nostril
2. Hold the breath as long as you can judiciously
95
3. Exhale through the right nostril
4. Again inhale through left nostril
5. Hold the breath as long as you can judiciously
6. Exhale through the right nostril
(practise as described from points 1-6 once more. With this two rounds of Dakshinavartha 
chakrakumbhaka is completed. Then do one round of agnishoma kumbhaka as described below)
7. Inhale through the right nostril
8. Hold the breath
9. Exhale through the left nostril
10. Now inhale through the left nostril
11. Hold the breath
12. Exhale through the right nostril
13. Do this 21 times","4. GADAA KUMBHAKA
1. Inhale through both the nostrils
2. Hold the breath
3. Exhale through the right nostril
4. Do this 21 times",,,,,,,,,,
17,Cure For Attention Deficit Disorder (ADD),,"1. PARA ASANA
2. DAKSHINAAVARTA SHANKHA KUMBHKA
3. VAAMAAVARTHA SHANKHA KUMBHAKA
4. GADAA KUMBHAKA","1. PARA ASANA
1. Stretch both the legs opposite to each other with left leg bent back and right leg stretched 
forward
2. Spread the hands also above the legs
3. Stay in this posture 30 seconds","2. DAKSHINAAVARTA SHANKHA KUMBHAKA
1. Inhale deeply and fully through the right nostril
2. Hold the breath inside as long as possible
3. When you can’t hold anymore slowly release the breath through the left nostril
4. Again inhale deeply and fully through the right nostril
5. Hold the breath inside as long as possible
6. When you can’t hold anymore slowly release the breath through the left nostril
( practice as described from points 1-6 once more. With this two rounds of Dakshinavartha 
chakrakumbhaka is completed. Then do one round of agnishoma kumbhaka as described below)
7. Inhale through the right nostril
8. Hold the breath
9. Exhale through the left nostril
10. Now inhale through the left nostril
11. Hold the breath
12. Exhale through the right nostril
13. Do this 21 times","3. VAAMAAVARTHA SHANKHA KUMBHAKA
1. Inhale through left nostril
2. Hold the breath as long as you can judiciously
95
3. Exhale through the right nostril
4. Again inhale through left nostril
5. Hold the breath as long as you can judiciously
6. Exhale through the right nostril
(practise as described from points 1-6 once more. With this two rounds of Dakshinavartha 
chakrakumbhaka is completed. Then do one round of agnishoma kumbhaka as described below)
7. Inhale through the right nostril
8. Hold the breath
9. Exhale through the left nostril
10. Now inhale through the left nostril
11. Hold the breath
12. Exhale through the right nostril
13. Do this 21 times","4. GADAA KUMBHAKA
1. Inhale through both the nostrils
2. Hold the breath
3. Exhale through the right nostril
4. Do this 21 times",,,,,,,,,,
18,Care For Autism,,1. BISHISTA ASANA 2. ANTAH KUMBHAKA 3. BAHIH KUMBHAKA 4. BODHOSOKA ASANA 5. PRAKRITHI KUMBHAKA 6. NAAGA KUMBHAKA 7. KOORMA KUMBHAKA .,"1. BISHISTA ASANA
1. Sit with legs stretched
2. Place both feet together holding the soles close to one another
3. Place your arms between the legs and raise both the legs upwards 
4. Bring the feet over your face
5. Interlock the fingers
6. Keep the palms upon the forehead
7. Keep your gaze on the tip of your nose, remain in this position for 30 seconds","2. ANTAH KUMBHAKA
1. Close your eyes
2. Unclutch 
3. Inhale and hold the breath
4. Be in the unclutched state
5. Exhale slowly and relax and Breath two or three times normally
6. Do this 21 times","3.BAHIH KUMBHKA
1. Slowly exhale
2. Retain the breath as long as possible outside without any visualization
3. Then slowly relax and inhale
4. Do this 21 times","4. BODHASHOKA ASANA
1. Sit in a squatting position
2. Hold the knees close to the chest
3. Cross the arms and hold the knees
4. Place the chin on the knees
5. Fix the gaze at the nose tip
6. Sit in this posture 30 seconds","5.PRAKRITHI KUMBHAKA
1. As you chant the bija mantra “VA” loudly, suck in air quickly.
2. After you are full, hold the breath
104
3. Then slowly exhale normally
4. Do this 21 times","6. NAAGA KUMBHAKA
1. Swallow air very slowly and let the air go little by little like eating rice morsel by morsel.
2. Once you are full, immediately contract the throat, place the chin on the chest
3. Hold the breath in this posture as long as possible
4. Then release the lock and exhale slowly from the throat
5. Do this 21 times","7.KOORMA KUMBHAKA
1. Continue to be seated in the same asana
86
2. Fix your sight at one point and stare
3. Do not blink your eyes
4. Do not allow your eye balls to move.
5. Do not move your body.
6. While you stare intensely, automatically the breathing will stop. Hold the breath as long as you 
can. 
7. When you can't hold anymore, relax
8. Then again stare
9. Do this 21 times.",,,,,,,
19,Cure For Autism,,"1. MAKARA ASANA 
2. ANTAH KUMBHAKA
3. BAHIH KUMBHAKA
4. MANDUKASANA
5. PRAKRITHI KUMBHAKA
6. NAAGA KUMBHAKA
7. KOORMA KUMBHAKA","1. MAKARA ASANA 
1. Lie on the ground facing downwards with the chest resting on the ground.
2. Spread the legs wide apart, as possible with toes pointing out in opposite directions
3. Catch hold of your heads with the two arms 
4. Stay in this pose 30 seconds","2. ANTAH KUMBHAKA
1. Close your eyes
2. Unclutch 
3. Inhale and hold the breath
4. Be in the unclutched state
5. Exhale slowly and relax and Breath two or three times normally
6. Do this 21 times","3.BAHIH KUMBHKA
1. Slowly exhale
2. Retain the breath as long as possible outside without any visualization
3. Then slowly relax and inhale
4. Do this 21 times","4.MANDUKASANA
1. Stay on the floor with legs folded backwards, buttocks placed on the heels, toes touching each other. 2. Spread the knees apart. 3. Place the hands under the respective knees. 4. Stay in this pose 30 seconds IN MANDUKASANA, NEXT","5.PRAKRITHI KUMBHAKA
1. As you chant the bija mantra “VA” loudly, suck in air quickly.
2. After you are full, hold the breath
104
3. Then slowly exhale normally
4. Do this 21 times","6. NAAGA KUMBHAKA
1. Swallow air very slowly and let the air go little by little like eating rice morsel by morsel.
2. Once you are full, immediately contract the throat, place the chin on the chest
3. Hold the breath in this posture as long as possible
4. Then release the lock and exhale slowly from the throat
5. Do this 21 times","7.KOORMA KUMBHAKA
1. Continue to be seated in the same asana
86
2. Fix your sight at one point and stare
3. Do not blink your eyes
4. Do not allow your eye balls to move.
5. Do not move your body.
6. While you stare intensely, automatically the breathing will stop. Hold the breath as long as you 
can. 
7. When you can't hold anymore, relax
8. Then again stare
9. Do this 21 times.",,,,,,,
20,Care For Autoimmune Disorders,,"1. UPANISHAD
Only initiation can cure this disorder.
1. Sit straight in either Vajra asana or Padma asana
2. Close your eyes
3. Keep your hands relaxed
4. Sit in a deep receptive mood to receive initiation",,,,,,,,,,,,,,
21,Cure For Autoimmune Disorders,,1. UPANISHAD Only initiation can cure this disorder. 1. Sit straight in either Vajra asana or Padma asana 2. Close your eyes 3. Keep your hands relaxed 4. Sit in a deep receptive mood to receive initiation,,,,,,,,,,,,,,
22,Care For Baldness,,"1. DURVAASA ASANA
2. SHEETHALEE KAAKA CHANCHU KUMBHAKA","1. DURVAASA ASANA
1. Stay on the floor 
2. Bend your right knee and place the right leg on the left side hip
3. Bend the left knee and place the left foot on the above the right thigh so that the left foot is 
placed near the right side hip
4. Touch the right hand finger tips with the middle joints of left fingers
5. Place the hands on the genitals
6. Fix the gaze at the eye brow center 
7. Remain in this position for 30 second","2. SHEETHALEE KAAKA CHANCHU KUMBHAKA
1. Form the mouth like the beak of a crow
2. Inhale 
3. Hold as long as possible
4. Visualize nectar flowing 
5. Raise the tongue and taste the nectar flowing from the crown of your head
6. Exhale through both the nostrils
7. Do this for 21 minutes",,,,,,,,,,,,
23,Cure For Baldness,,"1. PARA ASANA
2. SHEETHALEE KAKA CHANCHU KUMBHAKA","1. PARA ASANA
1. Stretch both the legs opposite to each other with left leg bent back and right leg stretched 
forward
2. Spread the hands also above the legs
3. Erect this posture 30 seconds","2. SHEETHALEE KAKA CHANCHU KUMBHAKA
1. Form the mouth like the beak of a crow
2. Inhale 
3. Hold as long as possible
4. Visualize nectar flowing 
5. Raise the tongue and taste the nectar flowing
6. When you can't hold any more, close your mouth and exhale through both the nostrils
7. Do this for 21 minutes",,,,,,,,,,,,
24,Care For Bipolar Disorder,,"1. KALYANA ASANA
2. BHUJANGI KARNA KUMBHAKA
3. KURAKATASANA
4. BHUYANGAMASANA KUMBHAKA
5. KOORMA ASANA
6. TRAATAKA KUMBHAKA","1. KALYANA ASANA
1. Sit in a squatting position
2. Bring the hands under the knees
3. Lock and catch hold of the feet
4. Raise the feet 
5. Fix the gaze at the tip of the nose
6. Be balance in this position for 30 seconds","2. BHUJANGI KARNA KUMBHAKA
1. Through the throat swallow the air 
2. Hold the breath as long as possible judiciously
3. Through the throat expell the air again
4. Do this 21 times","3. KURAKATA ASANA
1. Sit in a sqautting position
2. Raise your knees
3. Insert the hands in between the thighs and calf muscles
4. Take hold of the opposite elbows with hands
5. Fix the gaze at the tip of the nose
6. Be balance in this position for 30 seconds","4. BHUYANGAMA KUMBHAKA
1. The tongue should be raised slightly and protruded little outside
2. Inhale 
3. Hold as long as possible judiciously
4. Exhale as slowly as possible
121
5. Do this 21 times","5. KOORMA ASANA
1. First Sit in Padma asana
2. Insert the hands in between thighs and calf muscles
3. Pull both hands up to elbows
4. Turn towards back and lock the fingers
5. Bend forward and touch the forehead on the floor
6. Fix the gaze at the tip of the nose
7. Remain in this pose 30 seconds
IN KOORMA ASANA, NEXT","6.TRAATAKA KUMBHAKA
1. Pull your tongue upwards
2. Inhale through the nostrils, Retain, and contract the throat and rest the chin on the chest
122
3. When you cant hold, Exhale through the nostrils
4. Repeat this 21 time",,,,,,,,
25,Cure For Bipolar Disorder,,1. MEEDAKEE PAAVA ASANA 2. BHUJANGI KARNA KUMBHAKA 3. MRITYA BHANJAKA ASANA 4. BHUYANGAMA KUMBHAKA 5. NAAGEE PAVAA ASANA 6. TRAATAKA KUMBHAKA 7. NAGRA ASANA 8. SHOONYAKA KUMBHAKA,"1. MEEDAKEE PAAVA ASANA
1. Sit in VAJRA ASANA with the lower leg, ankles and toes touching the ground
2. Interlock the fingers 
3. Insert them on the floor on one side of your body
4. Bend the head forward with the head touching the ground, raising the lower legs
5. Let the lower leg be without touching the ground but close to the body
6. Stay in this pose 30 seconds","2. BHUJANGI KARNA KUMBHAKA 
1. Through the throat swallow the air 
2. Hold the breath as long as possible judiciously
3. Through the throat expell the air again
4. Do this 21 times","3. MRITYA BHANJAKA ASANA
1. Lie on your back with face upwards
2. Bend the knees and take them under the armpits with legs held upwards vertically
3. Put the hands on feet 
4. Gaze at the tip of the nose 
5. Remain in this pose for 30 seconds","4. BHUYANGAMA KUMBHAKA
1. The tongue should be raised slightly and protruded little outside
2. Inhale 
3. Hold as long as possible judiciously
4. Exhale as slowly as possible
5. Do this 21 times","5. NAAGEE PAAVA ASANA
1. Sit with legs stretched
2. Place both soles together with the knees sidewards
3. Bend forward and rest your elbows on the legs
4. Place the palms on the ground
5. Make a hollow of the hands
6. Gaze the nose tip
7. Remain in this pose for 30 seconds","6. TRAATAKA KUMBHAKA
1. Pull your tongue upwards
2. Inhale through the nostrils, Retain, and contract the throat and rest the chin on the chest
3. when you cant hold, Exhale through the nostrils
4. Repeat this 21 times","7. NAGRA ASANA

1. Sit in Padma asana
2. Cross the hands from your back
3. Lie on your back with the knees touching the ground
4. Gaze at the nose tip
5. Remain in this pose for 30 seconds","8. SHOONYAKA KUMBHAKA
1. Exhale completely
2. Hold the breath outside as long as you can
128
3. Now visualize moon on the crown of your head
4. Visualize nectar oozing out of the moon
5. Mentally suck the nectar
6. When you can’t hold the breath outside, slowly inhale
7. Do this 21 times",,,,,,
26,Care For Cancer,,1. USHTRA ASANA 2. PLAAVINEE KUMBHAKA 3. MOORCCHANAA KUMBHAKA 4. UTHKATA ASANA 5. KAMALA KUMBHAKA 6. KUMUDA KUMBHAKA 7. KRAMA NETRA KUMBHAKA,"1. USHTRA ASANA
1. Lie flat on your chest
2. Lift your legs upwards in this posture
3. Take your hands backwards and catch hold of the feet firmly
4. Contract the mouth and abdomen
5. Maintain this pose for 30 seconds","2. PLAAVINEE KUMBHAKA
1. Stay on same posture
2. Inhale completely
3. Contract the throat and rest your chin on the chest
4. Retain the air inside as much as you can possible
5. When you can't hold anymore, Release the throat lock and exhale slowly
6. Do this 21 times","3. MOORCCHANAA KUMBHAKA
1. Sit in same asana and close the eyes
2. Inhale slowly and deeply through both nostrils
3. After inhaling, immediately do Jalandhara Bandha by putting your chin on the chest and 
locking the throat 
4. Hold the breath as long as you can. 
5. When you can't hold anymore, Exhale through both nostrils in a very controlled manner in 
Jaalandhara bandha itself
6. Do this 21 times","4. UTHKATA ASANA
1. Come to a full squat position
2. Raise the heels and Bend the knees forward and balance on the toes itself
3. Sit such that the anus touches the heels
4. If you can't balance on the toes itself, You can rest the knees on the ground
5. Stay in this state for 30 seconds","5. KAMALA KUMBHAKA
1. Inhale through the right nostril
2. Retain the breath as long as you can judiciously
3. Exhale through the left nostril
4. Do this 21 times
IN UTHKATA ASANA, NEXT","6. KUMUDA KUMBHAKA
1. Inhale through the left nostril
2. Hold the breath
3. Exhale through both the nostrils
4. Repeat this 21 times
IN UTHKATA ASANA, NEXT","7. KRAMA NETRA KUMBHAKA
1. Inhale through the right nostril
2. Hold the breath
3. Inhale through the left nostril
4. Hold the breath
5. Exhale through the right nostril
6. Hold the breath
7. Exhale through the left nostril
8. Hold the breath
9. Do this 21 times",,,,,,,
27,Cure For Cancer,,"1. MATSYENDRA ASANA
2. PLAAVINEE KUMBHAKA
3. MOORCCHANAA KUMBHAKA
4. MAAKADA ASANA
5. KAMALA KUMBHAKA
6. KUMUDA KUMBHAKA
7. KRAMA NETRA KUMBHAKA","1.MATSYENDRA ASANA
1. Sit and Stretch your legs
2. Relax your stomach
3. Bend your left leg and place it over your right lap.Keep the left knee upright.Keep the left knee 
upright
4. Now place the right elbow on the left knee
5. Place your cheek on right palm 
6. Fix your gaze at the center of the eye brows
7. Stable in this asana for 30 seconds
IN MATSYHENDRA ASANA, NEXT","2. PLAAVINEE KUMBHAKA
1. Stay on same posture. Keep your right hand perpendicular
2. Inhale completely
3. Contract the throat and rest your chin on the chest
4. Retain the air inside as much as you can possible
5. When you can't hold anymore, Release the throat lock and exhale slowly 
6. Do this 21 times
IN MATSYHENDRA ASANA, NEXT","3. MOORCCHANAA KUMBHAKA
1. Sit in same asana and close the eyes
2. Inhale slowly and deeply through both nostrils
3. After inhaling, immediately do Jalandhara Bandha by putting your chin on the chest and 
locking the throat 
4. Retain the air inside as much as you can possible
5. When you can't hold anymore, immediately Exhale through both nostrils in a very controlled 
manner in Jaalandhara bandha itself
6. Do this 21 times","4. MAAKADA ASANA
1. Come to a full squat position
2. Rest the knees on the floor and spread the knees a little apart
3. Stay on the heels with the heels raised off the ground
4. Keep the toes pointing downwards
5. Raise the arms, cross them and place them behind the head
6. Fix the gaze at the eyebrow center
7. Remain in this pose 30 seconds
IN MAAKADA ASANA NEXT","5. KAMALA KUMBHAKA
1. Inhale through the right nostril
2. Retain the breath as long as you can judiciously
3. Exhale through the left nostril
4. Do this 21 times
IN MAAKADA ASANA, NEXT","6. KUMUDA KUMBHAKA
1. Inhale through the left nostril
2. Hold the breath as long as you can judiciously
3. Exhale through both the nostrils
4. Repeat this 21 times
IN MAAKADA ASANA, NEXT","7. KRAMA NETRA KUMBHAKA
1. Inhale through the right nostril
2. Hold the breath
3. Inhale through the left nostril
4. Hold the breath
5. Exhale through the right nostril
6. Hold the breath
7. Exhale through the left nostril
8. Hold the breath
9. Do this 21 times",,,,,,,
28,Clarity and Emotional Stability Kriya,,1. VAJRA ASANA 2. NADI SHODANA 3. TRISHOOLA KUMBHAKA 4. TRINETRA KUMBHAKA,"1. VAJRA ASANA
1. With knees, ankles and big toes touching the ground, stand on a kneeling position.
2. Sit erect with the heels under your buttocks
3. Erect in this asana 30 seconds
IN VAJRA ASANA, NEXT.","2.NAADEE SHUDDHI
1. Sit in the same posture
2. Inhale slowly through the left nostril
3. Retain the breath inside as long as you can and exhale through the right nostril
4. Inhale slowly through the right nostril
5. Retain the breath inside as long as you can and exhale through the left nostril
6. Do this for 3 minutes 
IN VAJRA ASANA, NEXT","3. TRISHOOLA KUMBHAKA
1. Inhale through the nostrils and also through the mouth simultaneously
2. Hold the breath as long as you can judiciously
3. Now exhale through the nostrils slowly and relax
4. Do this for 7 minutes","4. TRINETRA KUMBHAKA
1. Inhale through the left nostril
2. Hold the breath as long as you can judiciously
3. Without exhalation, inhale through the right nostril
4. Hold the breath as long as you can judiciously
5. Again without exhaling, inhale through both the nostrils
6. Hold the breath as long as you can judiciously
7. Now exhale through both the nostrils slowly 
8. Do this for 7 minutes",,,,,,,,,,
29,CREATING LEDERSHIP CONSCIOUSNESS I,,1. BHADRAASANA 2. NABHO MUDRAA 3. Bhastrika,"1. BHADRAASANA 
1.Bend both the legs to the back, keep the feet facing up and sit on it
2.Take both your hands to the back and hold your right toes with the left hand and left toes with the 
right hand
3.Do Jaalandhara bandha by concentrating your gaze on the tip of your nose, contract your throat, 
bend your chin and rest it on your chest
4.Remain in this pose for 30 seconds
5.Release from Jaalandhara bandha

IN BHADRAASANA, NEXT","2. THE NABHO-MUDRAA
1. Sit in any of the Yogic sitting postures such as Padmasana, Sukhasana, Vajrasana, sitting in a 
chair or in stand-at-ease position.
2. A correct and easy way of doing this is to put the tip of the tongue against the soft palate. For 
this, the tongue has to be turned upside down, bringing the undersurface of the tongue up, and 
touching the tip of the tongue with the soft palate. Keep it there for as long as you can. If you feel 
uncomfortable or feel pain, unroll your tongue and relax for a few seconds and again resume. Initially, 
you can practice it for a few minutes every day, and slowly, can increase your practice. 
3. A still easier, but less effective, way to do this is by putting the tongue up against the palate, 
with the tip of the tongue touching between back of your teeth and hard palate, and tongue pressing 
against the hard palate, and keeping it there for as long as you can do it comfortably. 
4. Also, at the same time, keep the eyesight in the middle of both the eyebrows, at Ajna Chakra. 
It’s more easily done with eyes closed.
The correct and complete practice of Nabho Mudra is achieved only when your eyesight is between 
both the eyebrows and your tongue is in the contact with the palate. Both of these should be 
accomplished together at one time.
“Wherever the yogi may be may be, he should always, in everything he does, be sure to keep the 
tongue turned upwards and constantly hold the breath. This Nabho mudra, the destroyer of diseases 
for yogis.”","3. BHASTRIKAA
1. Inhale slowly expanding the stomach
2. Exhale slowly
3. Do this 21 times
147
4. After 21 times, now inhale slowly
5. Hold the breath as long as you can 
6. When you feel you can’t hold quickly expel the air with the sound of bellows. At this moment 
the stomach should contract to touch the back
(This is one Bhastrikaa)
7. Do this complete sequence three times",,,,,,,,,,,
30,CREATING LEDERSHIP CONSCIOUSNESS II,,"1. PADMASANA
2. NAADHA KUMBHAKA
3. TRINETRA KUMBHAKA
4.TRISHOOLA KUMBHAKA","1. PADMASANA
1. Place the right foot on the left thigh 
2. Now place the left foot on the right thigh
3. Cross the hands behind the back and firmly catch hold of the great toes of the feet so crossed
4. Place the chin on the chest and fix the gaze on the tip of the nose (this posture is called the 
Padmaasanam (or lotus posture). This posture destroys all diseases)
5. Settle in this posture for 30 seconds
149
IN PADMA ASANA , NEXT","2. NAADA KUMBHAKA
1. Sit in the same posture
2. Now chant the sacred sound “OM” slowly in a low tone
3. Elongate the chant as much as possible
4. Feel the sound produced from the navel and travelling through the heart, throat and brow 
centers and reaching the crown of your head.
5. Exhale slowly with Omkara
6. Do this 21 times.
IN PADMA ASANA , NEXT","3.TRINETRA KUMBHAKA
1. Inhale through the left nostril
150
2. Hold the breath as long as you can judiciously
3. Without exhalation, inhale through the right nostril
4. Hold the breath as long as you can judiciously
5. Again without exhaling, inhale through both the nostrils
6. Hold the breath as long as you can judiciously
7. Now exhale through both the nostrils slowly 
8. Do this 21 times","4. TRISHOOLA KUMBHAKA
1. Inhale through the nostrils and also through the mouth simultaneously
2. Hold the breath as long as you can judiciously
3. Now exhale through the nostrils slowly and relax
4. Do this 21 times",,,,,,,,,,
31,Care For Dandruff,,"1. DURVAASA ASANA
2. SHEETHALEE KUMBHAKA
3. SEETHKAAREE PRAANAAYAAMA
4. BHASTRIKAA","1. DURVAASA ASANA
1. Stay on the floor 
2. Bend your right knee and place the right leg on the left side hip
3. Bend the left knee and place the left foot on the above the right thigh so that the left foot is 
placed near the right side hip
4. Touch the right hand finger tips with the middle joints of left fingers
5. Place the hands on the genitals
6. Fix the gaze at the eye brow center 
7. Remain in this position for 30 seconds
IN DURVAASA ASANA, NEXT","2. SHEETHALEE KUMBHAKA
1. Continue to sit in same asana
2. Close the eyes and relax the whole body
3. Extend the tongue outside the mouth and roll the sides of the tongue up so that it forms a tube
4. Inhale slowly through the tongue and fill the abdomen slowly
5. At the end of inhalation, roll the tongue in, close the mouth
6. Retain it there for a short time
7. Then exhale through both the nostrils
8. Do this 21 minutes
IN DURVAASA ASANA, NEXT","3. SEETHKAAREE PRAANAAYAAMA 
1. Stay in same asana 
2. Press the lower and upper teeth together and separate the lips as much as comfortable
3. Breath in slowly through the gaps of the teeth
4. Listen to the sound of the breath as the air is being drawn in
5. Close the mouth at the end of the inhalation
6. Exhale slowly through the nose
7. Do this for 7 minutes
IN DURVAASA ASANA, NEXT","4. BHASTRIKAA KUMBHAKA
1. Rapidly inhale and exhale like the bellows of the black smith until you become fatigued
2. Then inhale through the right nostril
3. Press the chin on the chest so that the throat is locked
4. Hold the breath as long as you can judiciously
5. Relax the chin and exhale through left nostril
6. Do this for 7 minutes",,,,,,,,,,
32,Cure For Dandruff,,"1. MATSYA ASANA
2. SHEETHALEE KUMBHAKA
3. SEETHKAAREE PRAANAAYAAMA
4. BHASTRIKAA","1. MATSYA ASANA
1. Place the right foot on the left thigh
2. Now place the left foot on the right thigh
3. Now lie down on your back
4. Cling on to your head with your elbows
5. Stay in this position 30 seconds","2. SHEETHALEE KUMBHAKA
1. Continue to sit in same asana
2. Close the eyes and relax the whole body
3. Extend the tongue outside the mouth and roll the sides of the tongue up so that it forms a tube
4. Inhale slowly through the tongue and fill the abdomen slowly
5. At the end of inhalation, roll the tongue in, close the mouth
6. Retain it there for a short time
7. Then exhale through both the nostrils
8. Do this 21 minutes
IN DURVAASA ASANA, NEXT","3. SEETHKAAREE PRAANAAYAAMA 
1. Stay in same asana 
2. Press the lower and upper teeth together and separate the lips as much as comfortable
3. Breath in slowly through the gaps of the teeth
4. Listen to the sound of the breath as the air is being drawn in
5. Close the mouth at the end of the inhalation
6. Exhale slowly through the nose
7. Do this for 7 minutes
IN DURVAASA ASANA, NEXT","4. BHASTRIKAA KUMBHAKA
1. Rapidly inhale and exhale like the bellows of the black smith until you become fatigued
2. Then inhale through the right nostril
3. Press the chin on the chest so that the throat is locked
4. Hold the breath as long as you can judiciously
5. Relax the chin and exhale through left nostril
6. Do this for 7 minutes",,,,,,,,,,
33,Care For Depression,,"PRANA MUDRA
1. Sit on Padma Asana (Lotus Pose)
2. Keep your eyes closed and focus on your breath.
3. Keep your hands on your thighs.
4. Touch the tips of your ring finger and little finger to your thumb. The index and middle finger 
should be pointed straight.
5. Feel the life force as it rushes through your body.
6. Stay on this pose for 3 minutes","Step 1
1. Keeping the eyes closed, inhale and exhale as deeply as possible
2. Do this 3 times","Step 2
1. Put the left heel under the perineum and Stay on it
2. Contract the abdominal muscles to expel the maximum amount of air from the lungs
3. Hold the breath outside as long as possible
4. When you can’t hold any more, slowly inhale
5. Do this 11 times","Step 3
1. Release Moola Bandha (you can take your left heel out)
2. Inhale slowly and fill the abdomen and the lungs as much as possible
3. Hold the breath inside as long as possible
4. Then exhale very slowly
5. Do this at least 11 times","Step 4
1. Exhale completely by contracting your abdominal muscles
2. Retain the breath outside as long as you can
3. When you inhale, inhale and fill your lungs and abdominal muscle
4. Hold the breath inside as long as you can
5. Do this 21 times",,,,,,,,,,
34,Cure For Depression,,"1. PADMA ASANA
2. SHEETHALEE KUMBHAKA
3. BHASTRIKAA","1. PADMA ASANA (BADDHA)
1. Place the right foot on the left thigh 
2. Now place the left foot on the right thigh
3. Cross the hands behind the back and firmly catch hold of the great toes of the feet so crossed
4. Place the chin on the chest and fix the gaze on the tip of the nose (this posture is called the 
Padmaasanam(or lotus posture). This posture destroys all diseases)
5. Settle in this posture for 30 seconds","2. SHEETHALEE KUMBHAKA
1. Continue to sit in same asana
2. Close the eyes and relax the whole body
3. Extend the tongue outside the mouth and roll the sides of the tongue up so that it forms a tube
4. Inhale slowly through the tongue and fill the abdomen slowly
5. At the end of inhalation, roll the tongue in, close the mouth
6. Retain it there for a short time
7. Then exhale through both the nostrils
8. Do this 21 minutes
IN DURVAASA ASANA, NEXT","4. BHASTRIKAA KUMBHAKA
1. Rapidly inhale and exhale like the bellows of the black smith until you become fatigued
2. Then inhale through the right nostril
3. Press the chin on the chest so that the throat is locked
4. Hold the breath as long as you can judiciously
5. Relax the chin and exhale through left nostril
6. Do this for 7 minutes",,,,,,,,,,,
35,Care For Diabetes,,"1. ANIL ASANA
2. UDDEEYAANA BANDHA
3. BHASTRIKAA 
4. MOORCCHANA KUMBHAKA
5. BRAMHAREE KUMBHAKA","1. ANILA ASANA
1. Come to a full squat posture
2. Place both hands on the ground and keep both the elbows joined together at the navel 
3. Arrange the feet on hands which are placed prone 
(Option: If you cannot hold the squat position, you can Sit on the ground)
4. Fix the gaze at the nose
5. Remain in this pose 30 seconds
IN ANILA ASANA, NEXT","2. UDDEEYAANA BANDHA
1. Stay on same asana and Keep the spine straight. Head should be up and eyes open
2. Take a deep breath in and exhale completely, but do not be forceful
3. After exhaling, perform jalandhara bandha by moving the chin down to the chest and raising 
the shoulders
167
4. Pull the abdominal muscles inward so that the organs of the abdomen touch the back 
muscles
5. Hold as long as you can
6. When you can’t hold anymore, Before inhaling, relax the stomach and abdomen, release
 jaalandhara bandha by raising the head
7. Then inhale through the nostrils slowly
8. Before repeating another round, breathe normally for a minute or two
9. Initially start with 3 times and gradually increase upto 10 times","3. BHASTRIKAA KUMBHAKA
1. Rapidly inhale and exhale like the bellows of the black smith until you become fatigued
2. Then inhale through the right nostril
3. Press the chin on the chest so that the throat is locked
4. Hold the breath as long as you can judiciously
5. Relax the chin and exhale through left nostril
6. Do this for 7 minutes","4.MOORCCHANAA KUMBHAKA
1. Sit in same asana and close the eyes
2. Inhale slowly and deeply through both nostrils
3. After inhaling, immediately do Jalandhara Bandha by putting your chin on the chest and 
locking the throat 
4. Hold the breath as long as you can. 
5. When you can't hold anymore, Exhale through both nostrils in a very controlled manner in 
Jaalandhara bandha itself
6. Do this 21 times","5.Brahmari kumbhaka
1. Close your ears with hands and close your eyes and hum intensely.
2. Do this for 7 minutes",,,,,,,,,
36,Cure For Diabetes,,"1. GOMUKHA ASANA
2. UDDEEYAANA BANDHA
3. BHASTRIKAA KUMBHAKA
4. MOORCCHAA KUMBHAKA
5. BHRAAMAREE KUMBHAKA","1. GOMUKHA ASANA
1. Bend the left knee and place the left foot near the right buttock
2. Bend the right knee and place it over the left thigh so that the right foot lies near the left buttock
3. Now place the hands on the respective ankle
4. Raise your head a little
5. Stay on this pose for 30 seconds","2. UDDEEYAANA BANDHA
1. Stay on same asana and Keep the spine straight. Head should be up and eyes open
2. Take a deep breath in and exhale completely, but do not be forceful
3. After exhaling, perform jalandhara bandha by moving the chin down to the chest and raising 
the shoulders
4. Pull the abdominal muscles inward so that the organs of the abdomen touch the back 
muscles
5. Hold as long as you can
173
6. When you can’t hold anymore, Before inhaling, relax the stomach and abdomen, release
 jaalandhara bandha by raising the head
7. Then inhale through the nostrils slowly
8. Before repeating another round, breathe normally for a minute or two
9. Initially start with 3 times and gradually increase upto 10 times
IN GOMUKHA ASANA, NEXT","3. BHASTRIKA
1. Inhale slowly expanding the stomach
2. Exhale slowly
174
3. Do this 21 times
4. After 21 times, now inhale slowly
5. Hold the breath as long as you can 
6. When you feel you can’t hold quickly expel the air with the sound of bellows. At this moment 
the stomach should contract to touch the back
(This is one Bhastrikaa)
7. Do this complete sequence three times","4.MOORCCHANAA KUMBHAKA
1. Sit in same asana and close the eyes
2. Inhale slowly and deeply through both nostrils
3. After inhaling, immediately do Jalandhara Bandha by putting your chin on the chest and 
locking the throat 
4. Hold the breath as long as you can. 
5. When you can't hold anymore, Exhale through both nostrils in a very controlled manner in 
Jaalandhara bandha itself
6. Do this 21 times","5.Brahmari kumbhaka
1. Close your ears with hands and close your eyes and hum intensely.
2. Do this for 7 minutes",,,,,,,,,
37,Care For Digestive Disorders,,"1. PASHCHIMOTTA ASANA
2. NAAGA KUMBHAKA
3. SAMAANA KUMBHAKA
4. TRISHOOLA KUMBHAKA
5. TRINETRA KUMBHAKA
6. KAPAALABHAATI PRAANAAYAAMAA
7. BHASTRIKAA","1. Pashchimotta
1. Sit with the legs stretched, the heels not touching one another. 2. Bend forward 3. Place your forehead on the knees 4. Catch hold of the feet with your hands 5. Remain in this pose 30 seconds IN PASHCHIMOTTA ASANA, NEXT -","2.NAGA KUMBHAKA
1. Swallow air very slowly and let the air go little by little like eating rice morsel by morsel. 2. Once you are full, immediately contract the throat, place the chin on the chest 3. Hold the breath in this posture as long as possible 4. Then release the lock and exhale slowly from the throat 5. Do this 21 times","3. SAMAANA KUMBHAKA
1. Inhale completely till the navel is filled
2. While inhaling visualize that the prana is spread and held all over the body
3. Hold as long as you can judiciously
4. While you hold, visualize the fire element in your navel region
5. When you can not hold any more, exhale 
6. Do this 21 times.","4. TRISHOOLA KUMBHAKA 
1. Inhale through the nostrils and also through the mouth simultaneously 
2. Hold the breath as long as you can judiciously 
3. Now exhale through the nostrils slowly and relax 
4. Do this 21 times","5.TRINETRA KUMBHAKA
 1. Inhale through the left nostril 150 
2. Hold the breath as long as you can judiciously 
3. Without exhalation, inhale through the right nostril 
4. Hold the breath as long as you can judiciously 
5. Again without exhaling, inhale through both the nostrils
 6. Hold the breath as long as you can judiciously 
7. Now exhale through both the nostrils slowly 
8. Do this 21 times",6.KAPAALABHAATI PRAANAAYAAMAA TRANSLATION-cum-TECHNIQUE 1. Breath out short and fast as you pull your abdomen in and up. 2. Allow the body to inhale by itself 3. Do this 21 times,"BHASTRIKA 
1. Inhale slowly expanding the stomach 
2. Exhale slowly 
3. Do this 21 times 
4. After 21 times, now inhale slowly 
5. Hold the breath as long as you can 
6. When you feel you can’t hold quickly expel the air with the sound of bellows. At this moment the stomach should contract to touch the back (This is one Bhastrikaa) 
7. Do this complete sequence three times",,,,,,,
38,Cure For Digestive Issues,,"STEPS TO BE FOLLOWED
1. PAVANA MUKTHASANA
2. NAAGA KUMBHAKA
3. SAMAANA KUMBHAKA
4. TRISHOOLA KUMBHAKA
5. TRINETRA KUMBHAKA
6. KAPAALABHAATI PRAANAAYAAMAA
7. BHASTRIKAA","4. Pavana Mukthasana 
1. Stay on ground. 
2. Bring two heels close to perineal region. 
3. Keep the knees raised. Hold knees with two hands and press them against the chest. 
4. Remain in this pose for 30 seconds IN PAVANA MUKTHASANA,","2.NAGA KUMBHAKA 
1. Swallow air very slowly and let the air go little by little like eating rice morsel by morsel. 
2. Once you are full, immediately contract the throat, place the chin on the chest 
3. Hold the breath in this posture as long as possible 
4. Then release the lock and exhale slowly from the throat 
5. Do this 21 times","3. SAMAANA KUMBHAKA
1. Inhale completely till the navel is filled
2. While inhaling visualize that the prana is spread and held all over the body
3. Hold as long as you can judiciously
4. While you hold, visualize the fire element in your navel region
5. When you can not hold any more, exhale 
6. Do this 21 times.","4. TRISHOOLA KUMBHAKA 
1. Inhale through the nostrils and also through the mouth simultaneously 
2. Hold the breath as long as you can judiciously 
3. Now exhale through the nostrils slowly and relax 
4. Do this 21 times","5.TRINETRA KUMBHAKA
 1. Inhale through the left nostril 150 
2. Hold the breath as long as you can judiciously 
3. Without exhalation, inhale through the right nostril 
4. Hold the breath as long as you can judiciously 
5. Again without exhaling, inhale through both the nostrils
 6. Hold the breath as long as you can judiciously 
7. Now exhale through both the nostrils slowly 
8. Do this 21 times",6.KAPAALABHAATI PRAANAAYAAMAA TRANSLATION-cum-TECHNIQUE 1. Breath out short and fast as you pull your abdomen in and up. 2. Allow the body to inhale by itself 3. Do this 21 times,"BHASTRIKA 
1. Inhale slowly expanding the stomach 
2. Exhale slowly 
3. Do this 21 times 
4. After 21 times, now inhale slowly 
5. Hold the breath as long as you can 
6. When you feel you can’t hold quickly expel the air with the sound of bellows. At this moment the stomach should contract to touch the back (This is one Bhastrikaa) 
7. Do this complete sequence three times",,,,,,,
39,CARE FOR ECZEMA,,"Steps to be followed:
VAJRASANA
Samana kumbhaka
Urdvaja kumbhaka
Chandra kumbhaka
Bhaya kumbhaka","1. VAJRA ASANA 
1. With knees, ankles and big toes touching the ground, stand on a kneeling position. 
2. Sit erect with the heels under your buttocks 
3. Erect in this asana 30 second","Samana kumbhaka
1. Inhale completely till the navel is filled
2. While inhaling visualize that the prana is spread and held all over the body
3. Hold as long as you can judiciously
4. While you hold, visualize the fire element in your navel region
5. When you can not hold any more, exhale 
6. Do this 21 times","Urdvaja kumbhaka
1. Inhale and hold the breath as long as you can judiciously
2. As you exhale, visualise the moon at the base of the spine (Muladhara)
3. Repeat 6 more times (one time for each chakra)
4. Each time, when you exhale, visualise moon at the next chakra in this sequence; 
Swadhishtana, Manipuraka, Anahatha, Vishudhi, Ajna and then Sahasrara","Chandra kumbhaka
1. Inhale deeply
2. Hold the breath as long as you can judiciously
3. At the same time perform Mula Bandha– i.e., The practitioner should press with left heel 
between the anus and scrotum. And then contract the anus.
4. Relax when you can not hold any more
5. Do this 21 times","Bhaya kumbhaka
TECHNIQUE
1. Slowly exhale
2. Retain the breath as long as possible outside without any visualization
3. Then slowly relax and inhale
4. Do this 21 times",,,,,,,,,
40,Cure For Eczema,,"1. PADMA ASANA
2. SAMAANA KUMBHAKA
3. URDVAJA KUMBHAKA
4. CHANDRA KUMBHAKA
5. BAHIH KUMBHAKA","1. Place the right foot on the left thigh 
2. Now place the left foot on the right thigh
3. Place the hands between the thighs with the palms facing upwards 
4. Concentrating on the tip of the nose, keep the tongue pressed on the upper teeth
5. Press the chin on your chest, push the air slowly upward
6. Exhale slowly
7. Do this 3 times and release the chin on your chest and tongue pressed on the upper teeth","Samana kumbhaka
1. Inhale completely till the navel is filled
2. While inhaling visualize that the prana is spread and held all over the body
3. Hold as long as you can judiciously
4. While you hold, visualize the fire element in your navel region
5. When you can not hold any more, exhale 
6. Do this 21 times","Urdvaja kumbhaka
1. Inhale and hold the breath as long as you can judiciously
2. As you exhale, visualise the moon at the base of the spine (Muladhara)
3. Repeat 6 more times (one time for each chakra)
4. Each time, when you exhale, visualise moon at the next chakra in this sequence; 
Swadhishtana, Manipuraka, Anahatha, Vishudhi, Ajna and then Sahasrara","Chandra kumbhaka
1. Inhale deeply
2. Hold the breath as long as you can judiciously
3. At the same time perform Mula Bandha– i.e., The practitioner should press with left heel 
between the anus and scrotum. And then contract the anus.
4. Relax when you can not hold any more
5. Do this 21 times","Bhaya kumbhaka
TECHNIQUE
1. Slowly exhale
2. Retain the breath as long as possible outside without any visualization
3. Then slowly relax and inhale
4. Do this 21 times",,,,,,,,,
41,Care For Epilepsy,,"1. SURYA NAMASKARA 
2. BREATH WATCHING","1. SURYA NAMASKARA
INSRTUCTIONS
1. Come to stand in Tadasana, i.e., stand firmly on both the feet with the hands in a prayer 
position at the heart
2. Inhale - Bring the arms out to the sides and up to Urdhva Hastasana
3. Exhale - Swan dive down, hinging at the hips, bringing the palms flat on either side of your feet 
to Uttanasana
4. Inhale - Bring the LEFT foot to the back of the mat, come up on to the finger tips into a low 
lunge
5. Exhale - Bring the Right foot back to meet the right foot coming into Downward Facing Dog 
position
6. RETAIN THE BREATH - Drop to your knees, chest and chin on the floor
7. Inhale - Come forward to a low Cobra pose raising your head slightly
8. Exhale - Come Back to Downward Facing Dog position
9. Inhale -Bring the left foot next to the left hand into low lunge
10. Exhale - Bring the right foot forward next to the left and forward bend into Uttanasana(3rd step)
11. Inhale - Bring the arms out to the sides and up, reversing the swan dive to Urdhva Hastasana
(2nd step)
12. Exhale - Come to stand in Tadasana with the hands in a prayer position at the heart(1st step)
Repeat the entire sequence with the interchanging of legs;Do this as many times as possible (max 
108 times)","2. BREATH WATCHING

Do this for about 7 minutes",,,,,,,,,,,,
42,Cure For Epilepsy,,"1. SURYA NAMASKARA 
2. BREATH WATCHING","1. SURYA NAMASKARA
INSRTUCTIONS
1. Come to stand in Tadasana, i.e., stand firmly on both the feet with the hands in a prayer 
position at the heart
2. Inhale - Bring the arms out to the sides and up to Urdhva Hastasana
3. Exhale - Swan dive down, hinging at the hips, bringing the palms flat on either side of your feet 
to Uttanasana
4. Inhale - Bring the LEFT foot to the back of the mat, come up on to the finger tips into a low 
lunge
5. Exhale - Bring the Right foot back to meet the right foot coming into Downward Facing Dog 
position
6. RETAIN THE BREATH - Drop to your knees, chest and chin on the floor
7. Inhale - Come forward to a low Cobra pose raising your head slightly
8. Exhale - Come Back to Downward Facing Dog position
9. Inhale -Bring the left foot next to the left hand into low lunge
10. Exhale - Bring the right foot forward next to the left and forward bend into Uttanasana(3rd step)
11. Inhale - Bring the arms out to the sides and up, reversing the swan dive to Urdhva Hastasana
(2nd step)
12. Exhale - Come to stand in Tadasana with the hands in a prayer position at the heart(1st step)
Repeat the entire sequence with the interchanging of legs;Do this as many times as possible (max 
108 times)","2. BREATH WATCHING

Do this for about 7 minutes",,,,,,,,,,,,
43,CARE FOR EXCESSIVE SWEATING OF PALMS AND FEET,,"STEPS TO BE FOLLOWED
1. GARUDASANA
2. SHEETHALI KUMBHAKA
3. SEETHKARI KUMBHAKA","1. GARUDAASANA (version 1)
1. Stand straight on the ground
2. Balance yourself and place your left foot at the root of the left thigh
3. Bend a little your right knee
4. Bring the left knee close to the right ankle
5. Fold the hands in prayer position and place it near the chest
6. Settle in this posture for 30 seconds","2. SHEETHALEE KUMBHAKA
1. Continue to sit in same asana
2. Close the eyes and relax the whole body
3. Extend the tongue outside the mouth and roll the sides of the tongue up so that it forms a tube
4. Inhale slowly through the tongue and fill the abdomen slowly
5. At the end of inhalation, roll the tongue in, close the mouth
6. Retain it there for a short time
7. Then exhale through both the nostrils
8. Do this 21 minutes","3. SEETHKARI KUMBHAKA
1. Stay in same asana 
2. Press the lower and upper teeth together and separate the lips as much as comfortable
3. Breath in slowly through the gaps of the teeth
4. Listen to the sound of the breath as the air is being drawn in
5. Close the mouth at the end of the inhalation
6. Exhale slowly through the nose
7. Do this 21 times",,,,,,,,,,,
44,Cure For Excessive Sweating Of Palms & Feet,,"1. VAJRA ASANA 
2. KEVALEE KUMBHAKA 
3. SHOONYAKA KUMBHAKA 
4. BHOROLIKAA KUMBHAKA","1. VAJRA ASANA 
1. With knees, ankles and big toes touching the ground, stand on a kneeling position.
2. Sit erect with the heels under your buttocks
3. Erect in this asana 30 seconds","2. KEVALEE KUMBHAKA 
1. Inhale through the right nostril along with the internal chanting of the mantra 'sam'
2. Hold as long as you can judiciously
3. While holding the breath, chant internally the mantra 'soham' slowly.
4. Exhale through the left nostril with the internal chanting of the mantra 'ham'
5. Do this 21 times","3. SHOONYAKA KUMBHAKA
1. Exhale completely
2. Hold the breath outside as long as you can
3. Now visualize moon on the crown of your head
4. Visualize nectar oozing out of the moon
5. Mentally suck the nectar
6. When you cant hold the breath outside, slowly inhale
7. Do this 21 times","4. BHOROLIKAA KUMBHAKA
1. Along with the a humming sound inhale completely
2. Without using the fingers to close the nose retain the breath inside as long as you can
3. When you can't hold more, release the breath through the nostrils without humming
4. Repeat this 21 times",,,,,,,,,,
45,Excelling In Sports - Level 1,,"1. PADMA ASANA
2. KAPAALABHAATI PRAANAAYAAMAA
3. LAHARI PRAANAAYAAMAA
4. ANDOLI PRAANAAYAAMAA","1. PADMA ASANA (BADDHA)
1. Place the right foot on the left thigh 
2. Now place the left foot on the right thigh
3. Cross the hands behind the back and firmly catch hold of the great toes of the feet so crossed
4. Place the chin on the chest and fix the gaze on the tip of the nose (this posture is called the 
Padmaasanam(or lotus posture). This posture destroys all diseases)
5. Settle in this posture for 30 seconds","2. KAPAALABHAATI PRAANAAYAAMAA
1. Breath out short and fast as you pull your abdomen in and up. 
2. Allow the body to inhale by itself 
3. Do this 21 times","3. LAHARI PRAANAAYAAMAA

TECHNIQUE
1. Breath in with short inhalation with one nostril
2. Then Breath out with short exhalation with the other nostril 
3. Do this for 3 minutes
IN PADMA ASANA, NEXT","4. ANDOLI PRAANAAYAAMAA
TECHNIQUE
1. As you Breath roll your tongue
2. Breath through your nose and mouth
3. When you feel full close the mouth by rolling the tongue and touching the top of the mouth
4. Slowly exhale through your nose
5. Do this for 7 minutes",,,,,,,,,,
46,Excelling In Sports - Level 2,,"1. DURVAASA ASANA
2. KAPAALABHAATI PRAANAAYAAMAA
3. LAHARI PRAANAAYAAMAA
4. ANDOLI PRAANAAYAAMAA","1. DURVAASA ASANA
1. Stay on the floor 
2. Bend your right knee and place the right leg on the left side hip
3. Bend the left knee and place the left foot on the above the right thigh so that the left foot is 
placed near the right side hip
4. Touch the right hand finger tips with the middle joints of left fingers
5. Place the hands on the genitals
6. Fix the gaze at the eye brow center 
7. Remain in this position for 30 seconds","2. KAPAALABHAATI PRAANAAYAAMAA
1. Breath out short and fast as you pull your abdomen in and up. 
2. Allow the body to inhale by itself 
3. Do this 21 times","3. LAHARI PRAANAAYAAMAA

TECHNIQUE
1. Breath in with short inhalation with one nostril
2. Then Breath out with short exhalation with the other nostril 
3. Do this for 3 minutes
IN PADMA ASANA, NEXT","4. ANDOLI PRAANAAYAAMAA
TECHNIQUE
1. As you Breath roll your tongue
2. Breath through your nose and mouth
3. When you feel full close the mouth by rolling the tongue and touching the top of the mouth
4. Slowly exhale through your nose
5. Do this for 7 minutes",,,,,,,,,,
47,Excelling In Studies - Level I,,"1. VAJRA ASANA
2. NAAGA KUMBHAKA
3. PRAKRITHI KUMBHAKA
4. KOORMA KUMBHAKA
5. KRIKARA KUMBHAKA","1. VAJRA ASANA 
1. With knees, ankles and big toes touching the ground, stand on a kneeling position.
2. Sit erect with the heels under your buttocks
3. Erect in this asana 30 seconds","2.NAGA KUMBHAKA
1. Swallow air very slowly and let the air go little by little like eating rice morsel by morsel. 2. Once you are full, immediately contract the throat, place the chin on the chest 3. Hold the breath in this posture as long as possible 4. Then release the lock and exhale slowly from the throat 5. Do this 21 times","3. PRAKRITHI KUMBHAKA
1. As you chant the bija mantra “VA” loudly, suck in air quickly.
2. After you are full, hold the breath
3. Then slowly exhale normally
4. Do this 21 times","4. KOORMA KUMBHAKA
1. Continue to be seated in the same asana
2. Fix your sight at one point and stare
3. Do not blink your eyes
4. Do not allow your eye balls to move.
5. Do not move your body.
6. While you stare intensely, automatically the breathing will stop. Hold the breath as long as you 
can. 
7. When you can't hold anymore, relax
8. Then again stare
9. Do this 21 times","5. KRIKARA KUMBHAKA
1. Rub your index finger and ring finger with the thumb as many times as possible",,,,,,,,,
48,Excelling In Studies - Level 2,,"1. PARA ASANA
2. NAAGA KUMBHAKA
3. PRAKRITHI KUMBHAKA
4. KOORMA KUMBHAKA
5. KRIKARA KUMBHAKA","1. PARA ASANA
1. Stretch both the legs opposite to each other with left leg bent back and right leg stretched 
forward
2. Spread the hands also above the legs
3. Erect this posture 30 seconds","2.NAGA KUMBHAKA
1. Swallow air very slowly and let the air go little by little like eating rice morsel by morsel. 2. Once you are full, immediately contract the throat, place the chin on the chest 3. Hold the breath in this posture as long as possible 4. Then release the lock and exhale slowly from the throat 5. Do this 21 times","3. PRAKRITHI KUMBHAKA
1. As you chant the bija mantra “VA” loudly, suck in air quickly.
2. After you are full, hold the breath
3. Then slowly exhale normally
4. Do this 21 times","4. KOORMA KUMBHAKA
1. Continue to be seated in the same asana
2. Fix your sight at one point and stare
3. Do not blink your eyes
4. Do not allow your eye balls to move.
5. Do not move your body.
6. While you stare intensely, automatically the breathing will stop. Hold the breath as long as you 
can. 
7. When you can't hold anymore, relax
8. Then again stare
9. Do this 21 times","5. KRIKARA KUMBHAKA
1. Rub your index finger and ring finger with the thumb as many times as possible",,,,,,,,,
49,Care For Food Allergies,,"1. VAJRA ASANA
2. SHEETHALEE KUMBHAKA
3. SEETHKAAREE PRAANAAYAAMA
4. SAMAANA KUMBHAKA
5. BHASTRIKAA","1. VAJRA ASANA
1. With knees, ankles and big toes touching the ground, stand on a kneeling position.
2. Sit erect with the heels under your buttocks
3. Erect in this asana 30 seconds","2. SHEETHALEE KUMBHAKA
1. Continue to sit in same asana
2. Close the eyes and relax the whole body
3. Extend the tongue outside the mouth and roll the sides of the tongue up so that it forms a tube
4. Inhale slowly through the tongue and fill the abdomen slowly
5. At the end of inhalation, roll the tongue in, close the mouth
6. Retain it there for a short time
7. Then exhale through both the nostrils
8. Do this 21 minutes
IN DURVAASA ASANA, NEXT","3. SEETHKAAREE PRAANAAYAAMA 
1. Stay in same asana 
2. Press the lower and upper teeth together and separate the lips as much as comfortable
3. Breath in slowly through the gaps of the teeth
4. Listen to the sound of the breath as the air is being drawn in
5. Close the mouth at the end of the inhalation
6. Exhale slowly through the nose
7. Do this for 7 minutes
IN DURVAASA ASANA, NEXT","4. SAMAANA KUMBHAKA
1. Inhale completely till the navel is filled
2. While inhaling visualize that the prana is spread and held all over the body
3. Hold as long as you can judiciously
4. While you hold, visualize the fire element in your navel region
5. When you can not hold any more, exhale 
6. Do this 21 times","5. BHASTRIKAA 
1. Rapidly inhale and exhale like the bellows of the black smith until you become fatigued
2. Then inhale through the right nostril
3. Press the chin on the chest so that the throat is locked
4. Hold the breath as long as you can judiciously
5. Relax the chin and exhale through left nostril
6. Do this 21 times",,,,,,,,,
50,Cure For Food Allergies,,"1. DURVAASA ASANA
 2. SHEETHALEE KUMBHAKA 
3. SEETHKAAREE PRAANAAYAAMA 
4. SAMAANA KUMBHAKA 
5. BHASTRIKAA","""1. DURVAASA ASANA
1. Stay on the floor 
2. Bend your right knee and place the right leg on the left side hip
3. Bend the left knee and place the left foot on the above the right thigh so that the left foot is 
placed near the right side hip
4. Touch the right hand finger tips with the middle joints of left fingers
5. Place the hands on the genitals
6. Fix the gaze at the eye brow center 
7. Remain in this position for 30 seconds""","2. SHEETHALEE KUMBHAKA
1. Continue to sit in same asana
2. Close the eyes and relax the whole body
3. Extend the tongue outside the mouth and roll the sides of the tongue up so that it forms a tube
4. Inhale slowly through the tongue and fill the abdomen slowly
5. At the end of inhalation, roll the tongue in, close the mouth
6. Retain it there for a short time
7. Then exhale through both the nostrils
8. Do this 21 minutes
IN DURVAASA ASANA, NEXT","3. SEETHKAAREE PRAANAAYAAMA 
1. Stay in same asana 
2. Press the lower and upper teeth together and separate the lips as much as comfortable
3. Breath in slowly through the gaps of the teeth
4. Listen to the sound of the breath as the air is being drawn in
5. Close the mouth at the end of the inhalation
6. Exhale slowly through the nose
7. Do this for 7 minutes
IN DURVAASA ASANA, NEXT","4. SAMAANA KUMBHAKA
1. Inhale completely till the navel is filled
2. While inhaling visualize that the prana is spread and held all over the body
3. Hold as long as you can judiciously
4. While you hold, visualize the fire element in your navel region
5. When you can not hold any more, exhale 
6. Do this 21 times","5. BHASTRIKAA 
1. Rapidly inhale and exhale like the bellows of the black smith until you become fatigued
2. Then inhale through the right nostril
3. Press the chin on the chest so that the throat is locked
4. Hold the breath as long as you can judiciously
5. Relax the chin and exhale through left nostril
6. Do this 21 times",,,,,,,,,
51,Care For Fungal Infection,,"1. PADMA ASANA
2. LAHARI PRAANAAYAAMAA
3. KAPAALABHAATI
4. ANDOLI PRAANAAYAAMAA","1. PADMA ASANA (BADDHA)
1. Place the right foot on the left thigh 
2. Now place the left foot on the right thigh
3. Cross the hands behind the back and firmly catch hold of the great toes of the feet so crossed
4. Place the chin on the chest and fix the gaze on the tip of the nose (this posture is called the 
Padmaasanam(or lotus posture). This posture destroys all diseases)
5. Settle in this posture for 30 seconds","2. LAHARI PRAANAAYAAMAA

TECHNIQUE
1. Breath in with short inhalation with one nostril
2. Then Breath out with short exhalation with the other nostril 
3. Do this for 3 minutes
IN PADMA ASANA, NEXT","3. KAPAALABHAATI PRAANAAYAAMAA
1. Breath out short and fast as you pull your abdomen in and up. 
2. Allow the body to inhale by itself 
3. Do this 21 times","4. ANDOLI PRAANAAYAAMAA
TECHNIQUE
1. As you Breath roll your tongue
2. Breath through your nose and mouth
3. When you feel full close the mouth by rolling the tongue and touching the top of the mouth
4. Slowly exhale through your nose
5. Do this for 7 minutes",,,,,,,,,,
52,Cure For Fungal Infection,,"1. VAJRA ASANA
2. NAADEE SHUDDHI
3. TRISHOOLA KUMBHAKA
4. TRINETRA KUMBHAKA
5. SAMA KUMBHAKA","1. VAJRA ASANA
1. With knees, ankles and big toes touching the ground, stand on a kneeling position.
2. Sit erect with the heels under your buttocks
3. Erect in this asana 30 seconds","2. NAADEE SHUDDHI
1. Sit in the same posture
2. Inhale slowly through the left nostril
3. Retain the breath inside as long as you can and exhale through the right nostril
4. Inhale slowly through the right nostril
5. Retain the breath inside as long as you can and exhale through the left nostril
6. Do this for 3 minutes","3. TRISHOOLA KUMBHAKA
1. Inhale through the nostrils and also through the mouth simultaneously
2. Hold the breath as long as you can judiciously
3. Now exhale through the nostrils slowly and relax
4. Do this 21 times","4. TRINETRA KUMBHAKA
1. Inhale through the left nostril
2. Hold the breath as long as you can judiciously
3. Without exhalation, inhale through the right nostril
4. Hold the breath as long as you can judiciously
5. Again without exhaling, inhale through both the nostrils
6. Hold the breath as long as you can judiciously
7. Now exhale through both the nostrils slowly 
8. Do this 21 times","SAMA KUMBHAKA
1. Stop inhaling and exhaling
2. Hold the breath and mentally retain the breath in the navel 
3. As you are holding bring your awareness to the parts of the body where you feel you have 
stress
4. When you can not hold any more relax
5. Do this 21 times",,,,,,,,,
53,Care For Heart Diseases,,"1. BHUJANGA ASANA
2. UDDEEYAANA BANDHA
3. JAALANDHARA BANDHA
4. BHADRA ASANA
5. SHEETHALEE KUMBHAKA
6. SEETHKAAREE PRAANAAYAAMA","1. BHUJANGA ASANA
1. Lie flat on the stomach with legs straight, feet together and soles of the feet facing upward
2. Place the palms of the hands flat on the floor, below and slightly to the side of the shoulders
3. The fingers should be together and pointing forward
4. The arms should be positioned so that the elbows point backward and are close to the sides of 
the body
5. Rest the forehead on the floor and close the eyes
6. Relax the whole body, especially the lower back
7. Slowly raise the head, neck and shoulders
8. Straightening the elbows, raise the trunk as high as possible
9. Use the back muscles more than the arm muscles (Be aware of using the back muscle first 
while starting to raise the trunk. Then use the arm muscle to raise the trunk further and arch the back)
10. Tilt the head backward, so that the chin points forward and the back of the neck is gently 
compressed
11. In the final position, the pubic bone remains in contact with the floor and the navel is raised a 
maximum of 3 cm (if the navel is raised too high, the bend tends to be in the knees and not in the 
back)
12. The arms may or may not be straight
13. Hold the final position for 60 seconds
241
14. To return to the starting position, slowly bring the head forward, release the upper back by 
bending the arms, lower the navel, chest, shoulders and finally the forehead to the floor
15. Relax the lower back muscle","2. UDDEEYAANA BANDHA
1. Get into Bhujanga asana. Head should be up and eyes open
2. Take a deep breath in and exhale completely, but do not be forceful
3. After exhaling, perform jalandhara bandha by moving the chin down to the chest and raising 
the shoulders
4. Pull the abdominal muscles inward so that the organs of the abdomen touch the back 
muscles
5. Hold as long as you can
6. When you can’t hold anymore, Before inhaling, relax the abdomen and release
 jaalandhara bandha by raising the head
7. Then inhale through the nostrils slowly
8. Before repeating another round, breathe normally for a minute or two
9. Initially start with 3 times and gradually increase upto 10 times","3. JAALANDHARA BANDHA
1. Remain in same asana
2. Inhale fully
3. Place the chin on the chest and contract the throat
4. Fix the Gaze at the tip of the nose
5. Hold as long as possible judiciously
6. Release the throat lock and exhale slowly, when you feel you can’t hold anymore
7. Rest with the forehead on the ground for a moment","4. BHADRA ASANA
1. Bend both the legs to the back, keep the feet facing up and Sit on it
2. Take both your hands to the back and hold your right toes with the left hand and left toes with 
the right hand
3. Do Jaalandhara bandha, contract your throat, bend your chin and rest it on your chest
4. Concentrate your gaze on the tip of your nose
5. Remain in this pose for 30 seconds and release the Jaalandhara bandha","5. SHEETHALEE KUMBHAKA
1. Continue to sit in same asana
2. Close the eyes and relax the whole body
3. Extend the tongue outside the mouth and roll the sides of the tongue up so that it forms a tube
4. Inhale slowly through the tongue and fill the abdomen slowly
5. At the end of inhalation, roll the tongue in, close the mouth
6. Retain it there for a short time
7. Then exhale through both the nostrils
8. Do this 21 minutes
IN DURVAASA ASANA, NEXT","6. SEETHKAAREE PRAANAAYAAMA 
1. Stay in same asana 
2. Press the lower and upper teeth together and separate the lips as much as comfortable
3. Breath in slowly through the gaps of the teeth
4. Listen to the sound of the breath as the air is being drawn in
5. Close the mouth at the end of the inhalation
6. Exhale slowly through the nose
7. Do this for 7 minutes
IN DURVAASA ASANA, NEXT",,,,,,,,
54,Cure For Heart Diseases,,"1. BHISHRAKA ASANA
2. KEVALEE KUMBHAKA
3. MOORCCHANAA KUMBHAKA
4. SAHITA KUMBHAKA","1. BHISHRAKA ASANA
1. Stay on your toes with the buttocks on your heels.
2. Spread the knees sidewards on the ground.
3. Create a hollow space in your palms and place it on the mouth.
4. Place the thumbs under the teeth
5. Close the lips
6. Fix the gaze at the tip of the nose
7. Inhale through the right nostril (Pingala) 
8. Exhale through the mouth as slowly as you can, as much as you can
9. Do this 21 times
If you do this in your home everyday, do it 51 times.","2. KEVALEE KUMBHAKA
TECHNIQUE
Sit in the same posture
1. Inhale through the right nostril along with the internal chanting of the mantra 'sam'
2. Hold as long as you can judiciously
3. While holding the breath, chant internally the mantra 'soham' slowly.
4. Exhale through the left nostril with the internal chanting of the mantra 'ham'
5. Do this 21 times","3. MOORCCHANAA KUMBHAKA
1. Sit in same asana 
2. Place the palms of the hands on the knees and close the eyes
3. Inhale slowly and deeply through both nostrils
4. After inhaling, immediately Do Jalandhara Bandha by putting your chin on the chest and 
locking the throat 
5. Hold the breath as long as you can, When you feel you cant hold, exhale through both nostrils 
in a very controlled manner in Jaalandhara bandha itself
6. Do this 21 times","4. SAHITA KUMBHAKA (NIGARBHA)
1. Inhale through both nostrils for 20 seconds
2. Hold the breath for 80 seconds
3. Slowly exhale through both the nostrils for 40 seconds
4. Do this 21 times",,,,,,,,,,
55,Care For Hernia,,"1. MACHCHANDRA ASANA
2. ANTAH KUMBHAKA
3. MAHAMUDRA ASANA
4. ANTAR KUMBHAKA
5. MAKARA ASANA 
6. BAHIH KUMBHAKA
7. MANDUKASANA
8. BAHIH KUMBHAKA
9. MATSYA ASANA
10. BAHIH KUMBHAKA
11. MRITYA BHANJAKA ASANA
12. BAHIH KUMBHAKA","1. MACHCHANDRA ASANA
1. Stay on the ground with knees folded and knees placed one over the another
2. Hold the feet with the hands and Keep two feet together.
3. Bend the head over the knees
4. Stay in this pose 30 seconds","2. ANTAH KUMBHAKA
1. Close your eyes
2. Unclutch 
3. Inhale and hold the breath
4. Be in the unclutched state
5. Exhale slowly and relax and Breath two or three times normally
6. Do this 21 times","3. MAHAMUDRA ASANA
1. Stay on the ground with legs stretched forward
2. Bend the left knee and place the heel at the perineum
3. Hold the right foot with both hands with fingers interlocked
4. Bend the head forward
5. Place the chin on the right knee
6. Fix your gaze at the nose tip
7. Remain in this pose 30 seconds","4.ANTAH KUMBHAKA
1. Close your eyes
2. Unclutch 
3. Inhale and hold the breath
4. Be in the unclutched state
5. Exhale slowly and relax and Breath two or three times normally
6. Do this 21 times
NEXT","5. MAKARA ASANA
1. Slowly exhale
2. Retain the breath as long as possible outside without any visualization
3. Then slowly relax and inhale
4. Do this 21 times

NEXT","6.BAHIH KUMBHKA
1. Slowly exhale
2. Retain the breath as long as possible outside without any visualization
3. Then slowly relax and inhale
4. Do this 21 times","7. MANDUKA ASANA
1. Stay on the floor with legs folded backwards, buttocks placed on the heels, toes touching each 
other.
2. Spread the knees apart.
3. Place the hands under the respective knees.
4. Stay in this pose 30 seconds
IN MANDUKA ASANA, NEXT","8.BAHIH KUMBHKA
TECHNIQUE
1. Slowly exhale
2. Retain the breath as long as possible outside without any visualization
3. Then slowly relax and inhale
4. Do this 21 times
NEXT","9. MATSYA ASANA
1. Place the right foot on the left thigh
2. Now place the left foot on the right thigh
3. Now lie down on your back
256
4. Cling on to your head with your elbows
5. Stay in this pose 30 seconds","10.BAHIH KUMBHKA
1. Slowly exhale
2. Retain the breath as long as possible outside without any visualization
3. Then slowly relax and inhale
4. Do this 21 times","11. MRITYA BHANJAKA ASANA
1. Lie on your back with face upwards
2. Bend the knees and take them under the armpits with legs held upwards vertically
3. Put the hands on feet 
4. Gaze at the tip of the nose 
5. Remain in this pose for 30 seconds","12.BAHIH KUMBHKA
1. Slowly exhale
2. Retain the breath as long as possible outside without any visualization
3. Then slowly relax and inhale
4. Do this 21 times",,
56,Cure For Hernia,,1. SIMHAASANA 2. BAHIH KUMBHAKA 3. SUMATI ASANA 4. BAHIH KUMBHAKA 5. SOORYA ASANA 6. BAHIH KUMBHAKA 7. SWASTIKAASANA 8. BAHIH KUMBHAKA 9. UNMUKHAPITTA ASANA 10. BAHIH KUMBHAKA 11. UTTANA SHIKHI PEETA ASANA 12. BAHIH KUMBHAKA 13. VAJRASANGHAARA ASANA 14. BAHIH KUMBHAKA,"1. SIMHAASANA 
1. Be seated in the kneel-down pose
2. Cross the ankles and place them under the perineum
260
3. Place the hands on the knees and Spread out fingers
4. Place the chin on the throat and contract the throat
5. Open the mouth widely sticking the tongue
6. Gaze at the tip of the nose
7. Stay in this pose 30 seconds","2.BAHIH KUMBHKA
1. Slowly exhale
2. Retain the breath as long as possible outside without any visualization
3. Then slowly relax and inhale
4. Do this 21 times","3.SUMATI ASANA
1. Sit with legs stretched and knees raised
2. Place the right foot on the left foot and turn it towards left side
3. Raise the toes
4. Cross the hands under the knees and hold the oppeosite elbows
5. Fix the gaze at the tip of the nose
6. Stay in this pose 30 seconds","4.BAHIH KUMBHKA
1. Slowly exhale
2. Retain the breath as long as possible outside without any visualization
3. Then slowly relax and inhale
4. Do this 21 times","5. SOORYA ASANA
1. Stay on the floor
2. Place the feet together and keep them under the anus
3. Spread the knees wide apart
4. Sit erect
5. Raise the hands above the head and make a lotus shape out of the fingers
6. Look up through the gaps of fingers
7. Contract the abdomen
8. Stay in this pose 30 seconds","6.BAHIH KUMBHKA
1. Slowly exhale
2. Retain the breath as long as possible outside without any visualization
3. Then slowly relax and inhale
4. Do this 21 times","7. SVASTIKASANA
1. Stay on the ground cross legged
2. Place the right toe in the gap between the left thigh and the calf muscles and the left toe in the 
gap between the right thigh and the calf muscles
3. Keep your spine erect
4. Settle in this pose for 30 seconds","8.BAHIH KUMBHKA
1. Slowly exhale
2. Retain the breath as long as possible outside without any visualization
3. Then slowly relax and inhale
4. Do this 21 times","9. UNMUKHA PITTA ASANA
1. Come down on the hands and knees
2. Place the elbows on the ground, forearms parallel to each other
3. Slowly raise the knees off the ground, balancing on the ball of the feet (you may also keep the 
knees on the ground)
4. Remain in this pose for 30 seconds","10.BAHIH KUMBHKA
1. Slowly exhale
2. Retain the breath as long as possible outside without any visualization
3. Then slowly relax and inhale
4. Do this 21 times","11. UTTAANA SHIKHI PEETAKA ASANA

1. Lie on your back
2. Raise the buttocks up and holdwith the hands placed at the hip
3. Let the elbows bear the weight of the body
4. Press the throat with your chin
5. Remain in this pose for 30 seconds","12.BAHIH KUMBHKA
1. Slowly exhale
2. Retain the breath as long as possible outside without any visualization
3. Then slowly relax and inhale
4. Do this 21 times","13- VAJRASANGHAARA ASANA
1. Come to a squatting position
2. Join the sole of the feet with the toes pointing downwards
3. Sit with the anus resting on the heels
4. Spread the knees apart sideways
268
5. Take the hands to the back and hold the left elbow with the right hand and vice-versa
6. Settle in this pose for 30 seconds","14.BAHIH KUMBHKA
1. Slowly exhale
2. Retain the breath as long as possible outside without any visualization
3. Then slowly relax and inhale
4. Do this 21 times"
57,Care For Hot Flashes in Menopause,,"1. BHAGA ASANA
2. SAMA KUMBHAKA
3. SHANTA KUMBHAKA
4. GADAA KUMBHAKA
5. UJJAAYEE KUMBHAKA
6. SEETHKAAREE KUMBHAKA","1. BHAGA ASANA
1. Sit with left heel at the anus and right foot on the left thigh
2. Close the eyes with index fingers, nose with middle fingers, and ears with thumbs
3. Bring your awareness to the eye brow center
4. Meditate on the Master or Deity
5. Remain in this posture for 60 seconds","2. SAMA KUMBHAKA
1. Stop inhaling and exhaling
2. Hold the breath and mentally retain the breath in throat 
3. When you can not hold any more relax
4. Do this 21 times
IN BHAGA ASANA NEXT","3.SHANTHA KUMBHAKA
1. Hold the breath inside
2. Visualize the breath inside and outside the body
3. Hold as long as possible 
4. Relax when you can not hold any more
5. Do this 21 times","4. GADAA KUMBHAKA
1. Inhale through both the nostrils
2. Hold the breath
3. Exhale through the right nostril
4. Do this 21 times","5.UJJAAYEE KUMBHAKA
1. Close your Mouth
2. Inhale through both the nostrils
3. Hold as long as you can judiciously
4. Exhale slowly through the left nostril
5. Do this 21 times","6. SEETHKARI KUMBHAKA
1. Stay in same asana 
2. Press the lower and upper teeth together and separate the lips as much as comfortable
3. Breath in slowly through the gaps of the teeth
4. Listen to the sound of the breath as the air is being drawn in
5. Close the mouth at the end of the inhalation
6. Exhale slowly through the nose
7. Do this 21 times",,,,,,,,
58,Cure For Hot Flashes in Menopause,,1. VAJRA ASANA 2. KARSHAKA KUMBHAKA 3. SAMA KUMBHAKA,"1. VAJRA ASANA
1. With knees, ankles and big toes touching the ground, stand on a kneeling position.
2. Sit erect with the heels under your buttocks
3. Erect in this asana 30 seconds
IN VAJRA ASANA, NEXT","2. KARSHAKA KUMBHAKA
KARSHAKA KUMBHAKA is of two types –
a) UTKARSHAKA KUMBHAKA
b) APAKARSHAKA KUMBHAKA
In Utkarshaka we have to inhale by holding the nose at the root whereas in Apakarshaka we have to 
hold the nose partially.
a) UTKARSHAKA KUMBHAKA
1. Inhale completly and hold the nose at its root (Where the nose bone starts)
2. Now inhale and exhale internally.
3. Do this as long as possible.
4. When you can't hold any more, release the nose and exhale slowly
5. Do this 21 times
IN VAJRA ASANA, NEXT
b. APAKARSHAKA KUMBHAKA
1. Close the nostrils partially
2. Now inhale
3. Hold as long as you can judiciously
4. Exhale as slowly as you can
5. Partially close the nostrils and exhale slowly
277
6. Do this 21 times","3. SAMA KUMBHAKA
1. Stop inhaling and exhaling
2. Hold the breath and mentally retain the breath in throat 
3. When you can not hold any more relax
4. Do this for 11 minutes",,,,,,,,,,,
59,Care For Hypertension,,"1. MRUTASANA WITH CHIN MUDRA
2. UDDEEYAANA BANDHA
3. JAALANDHARA BANDHA
4. MUKTA ASANA
5. BHASTRIKAA
6. BHRAAMAREE KUMBHAKA","1. MRUTASANA WITH CHIN MUDRA
1. Lying flat on the ground (use mat but no pillow or any support for head) with palms facing up
2. Relax and settle in this posture for 30 seconds
3. Do chin mudra (bring your index finger to your thumb) in this posture","2. UDDEEYAANA BANDHA
1. Lye down on same asana and eyes should be kept open
2. Take a deep breath in and exhale completely, but do not be forceful
3. After exhaling, perform jalandhara bandha by moving the chin down to the chest and raising 
the shoulders
4. Pull the abdominal muscles inward so that the organs of the abdomen touch the back 
muscles
5. Hold as long as you can
280
6. When you can’t hold anymore, Before inhaling, relax the stomach and abdomen, release
 jaalandhara bandha
7. Then inhale through the nostrils slowly
8. Before repeating another round, breathe normally for a minute or two
9. Initially start with 3 times and gradually increase upto 10 times","3. JAALANDHARA BANDH
1. Remain in same asana
2. Inhale fully
3. Place the chin on the chest and contract the throat
4. Fix the Gaze at the tip of the nose
5. Hold as long as possible judiciously
6. Release the throat lock and exhale slowly, when you feel you can’t hold anymore
7. Do this 21 times","4. MUKTA ASANA
1. Place the left heel at the root of the organ of generation and the right heel above that
2. Keep the head and the neck straight with the body. 
3. Keep this posture for 30 seconds","5. BHASTRIKAA
1. Inhale slowly expanding the stomach
2. Exhale slowly
3. Do this 21 times
4. After 21 times, now inhale slowly
5. Hold the breath as long as you can 
6. When you feel you can’t hold quickly expel the air with the sound of bellows. At this moment 
the stomach should contract to touch the back
(This is one Bhastrikaa)
7. Do this complete sequence three times","6. BHRAAMAREE KUMBHAKA
1. Close your ears with hands and close your eyes and hum intensely.
2. Do this for 7 minutes
Note: 10-15 minutes after doing this kumbhaka one should eat something",,,,,,,,
60,Cure For Hypertension,,"1. NAADEE SHUDDHI 
2. PAVANA MUKTHASANA
3. BHRAAMAREE KUMBHAKA
4. YOGA NIDRA","1. NAADEE SHUDDHI 
1. Sit in Padma asana or Siddhaasana or Baddha Padma asana posture
2. Inhale slowly through the left nostril
3. Retain the breath inside as long as you can and exhale through the right nostril
4. Inhale slowly through the right nostril
5. Retain the breath inside as long as you can and exhale through the left nostril
6. Do this 21 times","2. PAVANA MUKTHASANA
1. Stay on ground. 
2. Bring two heels close to perineal region. 
3. Keep the knees raised. Hold knees with two hands and press them against the chest.
4. Remain in this pose for 30 seconds
IN PAVANA MUKTHASANA, NEXT","3. BHRAAMAREE KUMBHAKA
1. Close your ears with hands and close your eyes and hum intensely.
2. Do this for 7 minutes
Note: 10-15 minutes after doing this kumbhaka one should eat something 
NEXT","4. YOGA NIDRA
1. Just lie down on your back
2. Unclutch immediately. By the unclutching and the laziness combined together, you will fall into 
a kind of a half sleep. Get into that sleep. That is what is yoga nidra.
3. Do this for 21 minutes or right before sleep at night.",,,,,,,,,,
61,Care For Hypothyroidism,,"1. PADMA ASANA
2. TRINETRA KUMBHAKA WITH JAALANDHARA BANDHA
3. TRISHOOLA KUMBHAKA WITH JAALANDHARA BANDHA
4. KRAMA NETRA KUMBHAKA WITH JAALANDHARA BANDHA","1. PADMA ASANA
1. Place the right foot on the left thigh 
2. Now place the left foot on the right thigh
3. Place the hands between the thighs with the palms facing upwards 
4. Concentrating on the tip of the nose, keep the tongue pressed on the upper teeth
5. Press the chin on your chest, push the air slowly upward
6. Exhale slowly
7. Do this 3 times and release the chin on your chest and tongue pressed on the upper teeth
IN PADMA ASANA, NEXT –","2. TRINETRA KUMBHAKA WITH JAALANDHARA BANDH
1. Inhale through the left nostril
2. Place the chin on the chest and contract the throat, hold the breath as long as you can 
judiciously
3. Without exhalation, release the throat lock and inhale through the right nostril
4. Place the chin on the chest and contract the throat, hold the breath as long as you can 
judiciously
5. Again without exhaling, release the throat lock and inhale through both the nostrils
6. Place the chin on the chest and contract the throat, hold the breath as long as you can 
judiciously
7. Now release the throat lock and exhale through both the nostrils slowly 
8. Do this 21 times 
IN PADMA ASANA, NEXT –","3.TRISHOOLA KUMBHAKA WITH JAALANDHARA BANDHA
1. Inhale through the nostrils and also through the mouth simultaneously
2. Place the chin on the chest and contract the throat, hold the breath as long as you can 
judiciously
3. Now release the throat lock and exhale through the nostrils slowly and relax
4. Do this 21 times","4.KRAMA NETRA KUMBHAKA WITH JAALANDHARA BANDHA
1. Inhale through the right nostril
2. Place the chin on the chest and contract the throat, hold the breath
3. Without exhalation, release the throat lock and Inhale through the left nostril
4. Place the chin on the chest and contract the throat, hold the breath
5. Without inhalation, release the throat lock and Exhale through the right nostril
6. Place the chin on the chest and contract the throat, hold the breath
7. Without inhalation, release the throat lock and Exhale through the left nostril
8. Do this 21 times",,,,,,,,,,
62,Cure For Hypothyroidism,,"1. PARVATA ASANA
2. TRINETRA KUMBHAKA WITH JAALANDHARA BANDHA
3. TRISHOOLA KUMBHAKA WITH JAALANDHARA BANDHA
4. PASHCHIMOTTA ASANA
5. KRAMA NETRA KUMBHAKA WITH JAALANDHARA BANDHA","1. PARVATA ASANA
1. Place the right foot on the left thigh
2. Now place the left foot on the right thigh
3. Keep both the arms raised above the head and join the hands
4. Settle in this posture for 30 seconds
(This should be practised in both sitting as well as Lying conditions. But now we will do the following 
kumbhakas in sitting pose only","2. TRINETRA KUMBHAKA WITH JAALANDHARA BANDHA
1. Inhale through the left nostril
2. Place the chin on the chest and contract the throat, hold the breath as long as you can 
judiciously
3. Without exhalation, release the throat lock and inhale through the right nose
4. Place the chin on the chest and contract the throat, hold the breath as long as you can 
judiciously
5. Again without exhaling, release the throat lock and inhale through both the nostrils
6. Place the chin on the chest and contract the throat, hold the breath as long as you can 
judiciously
7. Now release the throat lock and exhale through both the nostrils slowly 
8. Do this 21 times 
IN PARVATA ASANA, NEX","3. TRISHOOLA KUMBHAKA WITH JAALANDHARA BANDHA
1. Inhale through the nostrils and also through the mouth simultaneously
2. Place the chin on the chest and contract the throat, hold the breath as long as you can 
judiciously
3. Now release the throat lock and exhale through the nostrils slowly and relax
4. Do this 21 times
NEXT","4. PASHCHIMOTTA ASANA
1. Sit with the legs stretched, the heels not touching one another.
2. Bend forward
3. Place your forehead on the knees
4. Catch hold of the feet with your hands
5. Remain in this pose 30 seconds","5. KRAMA NETRA KUMBHAKA WITH JAALANDHARA BANDHA
1. Inhale through the right nostril
2. Place the chin on the chest and contract the throat, hold the breath
3. Without exhalation, release the throat lock and Inhale through the left nostril
4. Place the chin on the chest and contract the throat, hold the breath
5. Release the throat lock and Exhale through the right nostril
6. Place the chin on the chest and contract the throat, hold the breath
7. Without inhalation, release the throat lock and Exhale through the left nostril
8. Do this 21 times",,,,,,,,,
63,Care For Infection,,"1. MATSYENDRA ASANA
2. PLAAVINEE KUMBHAKA
3. MOORCCHANA
4. MAAKADA ASANA
5. KAMALA KUMBHAKA
6. KUMUDA KUMBHAKA
7. KRAMA NETRA KUMBHAKA","1. MATSYENDRA ASANA
1. Sit and Stretch your legs
2. Relax your stomach
3. Bend your left leg and place it over your right lap.Keep the left knee upright
4. Now place the right elbow on the left knee
5. Place your cheek on right palm 
6. Fix your gaze at the center of the eye brows
7. Stable in this asana for 30 seconds","2. PLAAVINEE KUMBHAKA
1. Stay on same posture. Keep your right hand perpendicular.
2. Inhale completely
3. Contract the throat and rest your chin on the chest
4. Retain the air inside as much as you can possible
5. When you can't hold anymore, Release the throat lock and exhale slowly 
302
6. Do this 21 times
NEXT","3. MOORCCHANA KUMBHAK
1. Sit in same asana and close the eyes
2. Inhale slowly and deeply through both nostrils
3. After inhaling, immediately do Jalandhara Bandha by putting your chin on the chest and 
locking the throat 
4. Retain the air inside as much as you can possible
5. When you can't hold anymore, immediately Exhale through both nostrils in a very controlled 
manner in Jaalandhara bandha itself
6. Do this 21 times","4. MAAKADA ASANA 
1. Keep the feet together
2. Keep the toes pointing down wards
3. Stay on the heels with the heels raised off the ground
4. Rest the knees on the floor and spread the knees a little apart
5. Take the hands up, cross them and place them behind the head
6. Fix the gaze at the eyebrow center","5. KAMALA KUMBHAKA
1. Inhale through the right nostril
2. Retain the breath as long as you can judiciously
3. Exhale through the left nostril
4. Do this 21 times","6. KUMUDA KUMBHAKA
1. Inhale through the left nostril
2. Hold the breath
3. Exhale through both the nostrils
4. Repeat this 21 times","7. KRAMA NETRA KUMBHAKA
1. Inhale through the right nostril
2. Hold the breath
3. Inhale through the left nostril
4. Hold the breath
5. Exhale through the right nostril
6. Hold the breath
7. Exhale through the left nostril
8. Hold the breath
9. Do this 21 times",,,,,,,
64,Cure For Infection,,"1. GARUDAASANA (version 1)
2. PLAAVINEE KUMBHAKA
3. MOORCCHANAA KUMBHAKA
4. GARUDAASANA (version 2)
5. KAMALA KUMBHAKA
6. KUMUDA KUMBHAKA
7. KRAMA NETRA KUMBHAKA","1. GARUDAASANA (version 1)
1. Stand straight on the ground
2. Balance yourself and place your left foot at the root of the left thigh
3. Bend a little your right knee
4. Bring the left knee close to the right ankle
5. Fold the hands in prayer position and place it near the chest
6. Settle in this posture for 30 second","2. PLAAVINEE KUMBHAKA
1. Stay on same posture. Keep your right hand perpendicular.
2. Inhale completely
3. Contract the throat and rest your chin on the chest
4. Retain the air inside as much as you can possible
5. When you can't hold anymore, Release the throat lock and exhale slowly 
302
6. Do this 21 times
NEXT","3. MOORCCHANA KUMBHAK
1. Sit in same asana and close the eyes
2. Inhale slowly and deeply through both nostrils
3. After inhaling, immediately do Jalandhara Bandha by putting your chin on the chest and 
locking the throat 
4. Retain the air inside as much as you can possible
5. When you can't hold anymore, immediately Exhale through both nostrils in a very controlled 
manner in Jaalandhara bandha itself
6. Do this 21 times","4. GARUDAASANA (version 2)
1. Be seated on the ground
2. Bending the left leg, place the left heel under the anus
3. Fold the right leg and keep it upright placing the right foot close to the right buttock
4. Keep your hands on the respective knees
5. Fix the gaze at the tip of your nose.
6. Settle in this posture for 30 seconds","5. KAMALA KUMBHAKA
1. Inhale through the right nostril
2. Retain the breath as long as you can judiciously
3. Exhale through the left nostril
4. Do this 21 times","6. KUMUDA KUMBHAKA
1. Inhale through the left nostril
2. Hold the breath
3. Exhale through both the nostrils
4. Repeat this 21 times","7. KRAMA NETRA KUMBHAKA
1. Inhale through the right nostril
2. Hold the breath
3. Inhale through the left nostril
4. Hold the breath
5. Exhale through the right nostril
6. Hold the breath
7. Exhale through the left nostril
8. Hold the breath
9. Do this 21 times",,,,,,,
65,Care For Insomnia,,"1. SHALABHA ASANA
2. UDDEEYAANA BANDHA
3. STEPS 1 AND 2 COMBINED","1. SHALABHA ASANA
1. Lie face down on the floor, keep the palms of the hand on the floor
2. Lie such that the chest is resting on the palms
3. Inhale and retain the breath inside
4. At the same time without bending at the knees raise the leg from the thighs upto the toes about 
18-22 inches above the ground. Keep both the legs together
5. Throughout rest your chin on the floor
6. Remain in this pose for about 11 seconds
7. Then relax
Do this for 11 times","2. UDDEEYAANA BANDHA
1. Lye down on same asana but no need to lift the legs. Keep the spine straight and eyes open. 
314
2. Take a deep breath in and exhale completely, but do not be forceful
3. After exhaling, perform jaalandhara bandha by moving the chin down to the chest 
4. Pull the abdominal muscles inward so that the organs of the abdomen touch the back muscles
5. Hold as long as you can
6. When you can’t hold anymore, Before inhaling, relax the stomach and abdomen, release
 jaalandhara bandha by raising the chin
7. Then inhale through the nostrils slowly
8. Before repeating another round, breathe normally for a minute or two
9. Initially start with 3 times and gradually increase upto 10 times","STEPS 1 AND 2 COMBINED
1. Lie on the ground with face downwards, with palms facing the ground
2. Chest should be on the palms above hands
3. Legs should be straight on the ground
4. Take a deep breath in and exhale completely, but do not be forceful
5. After exhaling, perform jaalandhara bandha by moving the chin down to the chest
6. Pull the abdominal muscles inward and upwards, so that the organs of the abdomen touch the 
back muscles
7. At the same time without bending at the knees raise the leg from the thighs upto the toes about 
18-22 inches above the ground. Keep both the legs together
8. Hold as long as you can
9. When you can’t hold anymore, Before inhaling, relax the stomach and abdomen, release 
jaalandhara by raising the chin and relax your legs
10. Then exhale through the nostrils
11. Before repeating another round, breathe normally for a minute or two
12. Initially start with 3 times and gradually increase upto 10 times",,,,,,,,,,,
66,Cure For Insomnia,,"1. BHADRA ASANA
2. JAALANDHARA BANDHA
3. NABHO MUDRA
4. BHASTRIKA","1. BHADRA ASANA
1. Bend both the legs to the back, keep the feet facing up and Sit on it
2. Take both your hands to the back and hold your right toes with the left hand and left toes with 
the right hand
3. Do Jaalandhara bandha, contract your throat, bend your chin and rest it on your chest
4. Concentrate your gaze on the tip of your nose
5. Remain in this pose for 30 seconds and release the Jaalandhara bandha","2. JAALANDHARA BANDHA
1. Remain in same asana
2. Inhale fully
3. Place the chin on the chest and contract the throat
4. Fix the Gaze at the tip of the nose
5. Hold as long as possible judiciously
6. Release the throat lock and exhale slowly, when you feel you can’t hold anymore
7. Do this 16 times","3. NABHO MUDRA
1. Turn the tongue upwards. Roll it and push it up
2. Hold the breath with closed eyes
3. Hold as long as you can then, relax
4. Do this Nabho mudra at least 16 times
IN BHADRA ASANA, NEXT","4. BHASTRIKAA
1. Inhale slowly expanding the stomach
2. Exhale slowly
3. Do this 21 times
4. After 21 times, now inhale slowly
5. Hold the breath as long as you can 
6. When you feel you can’t hold quickly expel the air with the sound of bellows. At this moment 
the stomach should contract to touch the back
(This is one Bhastrikaa)
7. Do this complete sequence three times",,,,,,,,,,
67,Cure for Infertility/Impotence,,1. BHADRA ASANA 2. SHEETHALEE KUMBHAKA 3. SEETHKAAREE PRAANAAYAAMA 4. BHAGA ASANA 5. SHEETHALEE KUMBHAKA 6. SEETHKAAREE PRAANAAYAAMA 7. BHARADVAAJA ASANA 8. SHEETHALEE KUMBHAKA 9. SEETHKAAREE PRAANAAYAAMA 10. BHIDOKA ASANA 11. SHEETHALEE KUMBHAKA 12. SEETHKAAREE PRAANAAYAAMA,"1. BHADRA ASANA
1. Bend both the legs to the back, keep the feet facing up and Sit on it
2. Take both your hands to the back and hold your right toes with the left hand and left toes with 
the right hand
3. Do Jaalandhara bandha, contract your throat, bend your chin and rest it on your chest
4. Concentrate your gaze on the tip of your nose
5. Remain in this pose for 30 seconds and release the Jaalandhara bandha","2. SHEETHALEE KUMBHAKA
1. Continue to sit in same asana
2. Close the eyes and relax the whole body
3. Extend the tongue outside the mouth and roll the sides of the tongue up so that it forms a tube
4. Inhale slowly through the tongue and fill the abdomen slowly
5. At the end of inhalation, roll the tongue in, close the mouth
6. Retain it there for a short time
7. Then exhale through both the nostrils
8. Do this 21 times","3. SEETHKAAREE PRAANAAYAAMA
1. Stay in same asana 
2. Press the lower and upper teeth together and separate the lips as much as comfortable
3. Breath in slowly through the gaps of the teeth
4. Listen to the sound of the breath as the air is being drawn in
5. Close the mouth at the end of the inhalation
6. Exhale slowly through the nose
7. Do this 21 times","4. BHAGA ASANA 
1. Place the soles and heels of the feet together 
2. Touch the navel with the toes
3. Place the hands on the knees
4. Fix the gaze at the tip of the nose
5. Remain steady for 30 seconds","5. SHEETHALEE KUMBHAKA
1. Continue to sit in same asana
2. Close the eyes and relax the whole body
3. Extend the tongue outside the mouth and roll the sides of the tongue up so that it forms a tube
4. Inhale slowly through the tongue and fill the abdomen slowly
5. At the end of inhalation, roll the tongue in, close the mouth
6. Retain it there for a short time
7. Then exhale through both the nostrils
8. Do this 21 times","6.SEETHKAAREE PRAANAAYAAMA
1. Stay in same asana 
2. Press the lower and upper teeth together and separate the lips as much as comfortable
3. Breath in slowly through the gaps of the teeth
4. Listen to the sound of the breath as the air is being drawn in
5. Close the mouth at the end of the inhalation
6. Exhale slowly through the nose
7. Do this 21 times","7. BHARADVAAJA ASANA
1. Sit with stretched legs
2. Fold the right knee
3. Place the right foot by the right hip side and Stay on right foot
4. Fold the left knee
5. Place the left foot upon the right thigh
6. Bring the left hand from the back and catch the left foot.
7. Place the right hand fingers under the left knee 
332
8. Turn the face towards the right side
9. Remain this pose for 30 seconds","8.SHEETHALEE KUMBHAKA
1. Continue to sit in same asana
2. Close the eyes and relax the whole body
3. Extend the tongue outside the mouth and roll the sides of the tongue up so that it forms a tube
4. Inhale slowly through the tongue and fill the abdomen slowly
5. At the end of inhalation, roll the tongue in, close the mouth
6. Retain it there for a short time
7. Then exhale through both the nostrils
8. Do this 21 times","9.SEETHKAAREE PRAANAAYAAMA
1. Stay in same asana 
2. Press the lower and upper teeth together and separate the lips as much as comfortable
3. Breath in slowly through the gaps of the teeth
4. Listen to the sound of the breath as the air is being drawn in
5. Close the mouth at the end of the inhalation
6. Exhale slowly through the nose
7. Do this 21 times","10. BHIDOKA ASANA
1. Sit with stretched legs
2. Spread the feet apart one cubit
3. Bend the head forward
4. Insert both the hands under the legs
5. Now catch hold of the feet from outside
6. Touch the ground with forehead
7. Fix the gaze at the brow center
8. Remain this asana for 30 seconds","11.SHEETHALEE KUMBHAKA
1. Continue to sit in same asana
2. Close the eyes and relax the whole body
3. Extend the tongue outside the mouth and roll the sides of the tongue up so that it forms a tube
4. Inhale slowly through the tongue and fill the abdomen slowly
5. At the end of inhalation, roll the tongue in, close the mouth
6. Retain it there for a short time
7. Then exhale through both the nostrils
8. Do this 21 times","12.SEETHKAAREE PRAANAAYAAMA
1. Stay in same asana 
2. Press the lower and upper teeth together and separate the lips as much as comfortable
3. Breath in slowly through the gaps of the teeth
4. Listen to the sound of the breath as the air is being drawn in
5. Close the mouth at the end of the inhalation
6. Exhale slowly through the nose
7. Do this 21 times",,
68,Care For Irritable Bowel Syndrome,,"1. 1ST KARANA OF SHIVA THANDAVAM
2. BHASTRIKAA 
3. UDDEEYAANA BANDHA
4. TRISHOOLA KUMBHAKA
5. TRINETRA KUMBHAKA","1. 1ST KARANA OF SHIVA THANDAVAM
1. Your weight has to be on the thighs
2. The legs have to be wide apart
3. Hold the hands as shown (hold the hands in front of the Ananda Gandha – below the heart and 
above the navel)","2. BHASTRIKAA 
1. Rapidly inhale and exhale like the bellows of the black smith until you become fatigued
2. Then inhale through the right nostril
3. Press the chin on the chest so that the throat is locked
4. Hold the breath as long as you can judiciously
5. Relax the chin and exhale through left nostril
6. Now stand straight
7. Put your hands on your hip
8. Now try to come back to the same posture
9. Do this 3 times","3. UDDEEYAANA BANDHA
1. Stand and Keep about half-a-metre gap between your feet
2. Bend the knees slightly and rest your palms above the knees with the thumbs facing inwards 
and the fingers outwards. 
3. Keep the spine straight. Head should be up and eyes open 
4. Take a deep breath in and exhale completely, but do not be forceful. 
5. After exhaling, perform jalandhara bandha by moving the chin down to the chest and raising 
the shoulders. 
6. Pull the abdominal muscles inward so that the organs of the abdomen touch the back muscles 
7. Hold as long as you can. 
8. When you can’t hold anymore, Before inhaling, relax the stomach and abdomen, release 
jaalandhara bandha by raising the head, and stand straight. 
9. Then inhale through the nostrils slowly. 
10. Before repeating another round, breathe normally for a minute or two. 
11. Initially start with 3 times and gradually increase upto 10 times
12. Once you finished, please be seated","4. TRISHOOLA KUMBHAKA 
1. Inhale through the nostrils and also through the mouth simultaneously
2. Hold the breath as long as you can judiciously
3. Now exhale through the nostrils slowly and relax
4. Do this 7 times
IN SEATING POSITION, NEXT","5. TRINETRA KUMBHAKA
1. Inhale through the left nostril
2. Hold the breath as long as you can judiciously
3. Without exhalation, inhale through the right nostril
4. Hold the breath as long as you can judiciously
5. Again without exhaling, inhale through both the nostrils
6. Hold the breath as long as you can judiciously
7. Now exhale through both the nostrils slowly 
8. Do this 7 times",,,,,,,,,
69,Care For Kids’ Memory Power,,"1. PADMA ASANA
2. SHEETHALEE KUMBHAKA
3. SEETHKAAREE PRAANAAYAAMA
4. UJJAYYEE KUMBHAKA","1. PADMA ASANA 
1. Place the right foot on the left thigh 
2. Now place the left foot on the right thigh
3. Place the hands between the thighs with the palms facing upwards 
4. Concentrating on the tip of the nose, keep the tongue pressed on the upper teeth
5. Press the chin on your chest, push the air slowly upward
6. Exhale slowly
7. Do this 3 times and release the chin on your chest and tongue pressed on the upper teeth","2. SHEETHALEE KUMBHAKA 
1. Continue to sit in same asana
2. Close the eyes and relax the whole body
3. Extend the tongue outside the mouth and roll the sides of the tongue up so that it forms a tube
4. Inhale slowly through the tongue and fill the abdomen slowly
5. At the end of inhalation, roll the tongue in, close the mouth
6. Retain it there for a short time
7. Then exhale through both the nostrils
8. Do this for 21 minutes","3. SEETHKAAREE PRAANAAYAAMA 
1. Stay in same asana 
2. Press the lower and upper teeth together and separate the lips as much as comfortable
3. Breath in slowly through the gaps of the teeth
4. Listen to the sound of the breath as the air is being drawn in
5. Close the mouth at the end of the inhalation
6. Exhale slowly through the nose
7. Do this 21 times","4. UJJAYYEE KUMBHAKA
1. Close your Mouth
2. Inhale through both the nostrils
3. Hold as long as you can judiciously
4. Exhale slowly through the left nostril
5. Do this 21 times",,,,,,,,,,
70,CARE FOR KIDNEY STONES,,"1. MATSYA ASANA
2. SHEETHALEE KUMBHAKA
3. SEETHKAAREE PRAANAAYAAMA
4. BHASTRIKAA","1. MATSYA ASANA 
1. Place the right foot on the left thigh
2. Now place the left foot on the right thigh
3. Now lie down on your back
4. Cling on to your head with your elbows
5. Stay in this position 30 seconds","2. SHEETHALEE KUMBHAKA 
1. Continue to sit in same asana
2. Close the eyes and relax the whole body
3. Extend the tongue outside the mouth and roll the sides of the tongue up so that it forms a tube
4. Inhale slowly through the tongue and fill the abdomen slowly
5. At the end of inhalation, roll the tongue in, close the mouth
6. Retain it there for a short time
7. Then exhale through both the nostrils
8. Do this 21 minutes","3. SEETHKAAREE PRAANAAYAAMA 
1. Stay in same asana 
2. Press the lower and upper teeth together and separate the lips as much as comfortable
3. Breath in slowly through the gaps of the teeth
4. Listen to the sound of the breath as the air is being drawn in
5. Close the mouth at the end of the inhalation
6. Exhale slowly through the nose
7. Do this 21 times","4. BHASTRIKAA
1. Rapidly inhale and exhale like the bellows of the black smith until you become fatigued
2. Then inhale through the right nostril
3. Press the chin on the chest so that the throat is locked
4. Hold the breath as long as you can judiciously
5. Relax the chin and exhale through left nostril
349
6. Do this 21 times",,,,,,,,,,
71,Kundalini awakening Kriya I,,1. MAHA MUDRAA,"1. MAHA MUDRAA
1. Sit with the right leg stretched leg front. 
2. Bend the left knee, and press the heel in to the perineum or vagina. 
3. Exhaling, lean forward and grasp the big toe of the right foot.
4. Keep the head erect, eyes closed and the back straight.
5. Breath slowly
6. Retain the breath and lock the throat 
7. Hold the breath as long as you can 
8. When you feel you can’t hold slowly expel the air
Do this 7 times. After that do this 7 times with right leg also.",,,,,,,,,,,,,
72,Kundalini awakening kriya II,,"1. Mahamudraa
2. Kechari Mudra
3. Shambhavi Mudra
4. Moolabandha","1. MAHA MUDRAA
1. Sit with the right leg stretched leg front. 
2. Bend the left knee, and press the heel in to the perineum or vagina. 
3. Exhaling, lean forward and grasp the big toe of the right foot.
4. Keep the head erect, eyes closed and the back straight.
5. Breath slowly
6. Retain the breath and lock the throat 
7. Hold the breath as long as you can 
8. When you feel you can’t hold slowly expel the air
Do this 7 times. After that do this 7 times with right leg also.","2. Kechari Mudra

Kechari mudra is turning the tongue backwards into the cavity of the cranium and turning the eye 
inwards towards the eyebrow centre","3. Shambhavi Mudra
With internalized (one pointed) awareness and external gaze unblinking, that verily is shambhavi 
mudra, preserved in the Vedas.","4. Mula Bandha
1. Sit with stretched legs.
2. Bend the left heel and Keep between the genitals and anus
3. Exhale completly, and Contract the intestines near the navel such that it touches the back
4. Bend forward and hold the right foot with the both hands
5. Hold the breath and raise the head and close your eyes
6. Do not bend spines. Be in this pose for sometime.
7. Adopt Kechari mudra. (Turning the tongue backwards into the cavity of the cranium and 
turning the eye inwards towards the eyebrow centre)
8. When you feel you cant hold anymore slowly inhale and tilting the head slightly backwards 
and perform Shambhavi Mudra ( Open your eyes and gaze at the eyebrow centre without blinking.)
9. After inhaling hold the breath inside With intense awareness
10. While holding breath, adopt moola bandha (Keep the heel in between anus and scrotum and 
press it. Contract the intestines near the navel in such a way that it touches the back.)
11. When you feel you cant hold anymore, relax eyeballs and release moolabandha and breath
12. This is 1 sequence. Do this sequence 3 times. 
13. After that, Do this sequence 3 times with right heel 
14. After that, Do this sequence 3 times with stretched legs.",,,,,,,,,,
73,Care For Long Sight,,"1. PADMA ASANA
2. KOORMA KUMBHAKA
3. SAMA KUMBHAKA","1. PADMA ASANA 
1. Place the right foot on the left thigh 
2. Now place the left foot on the right thigh
3. Place the hands between the thighs with the palms facing upwards 
4. Concentrating on the tip of the nose, keep the tongue pressed on the upper teeth
5. Press the chin on your chest, push the air slowly upward
6. Exhale slowly
7. Do this 3 times and release the chin on your chest and tongue pressed on the upper teeth","2. KOORMA KUMBHAKA
1. Continue to be seated in the same asana
2. Fix your sight at one point and stare
3. Do not blink your eyes
4. Do not allow your eye balls to move.
5. Do not move your body.
6. While you stare intensely, automatically the breathing will stop. Hold the breath as long as you 
can. 
7. When you can't hold anymore, relax
8. Then again stare
9. Do this 21 minutes.
IN PADMA ASANA, NEXT","3. SAMA KUMBHAKA
1. Stop inhaling and exhaling
2. Close your eyes and bring your awareness to the eye balls
3. Hold the breath and mentally (do not use your fingers) 
4. When you can not hold any more relax
6. Do this 21 times with closed eyes",,,,,,,,,,,
74,Cure For Long Sight,,"1. SIDDHAASANAM
2. SHEETHALEE KUMBHAKA
3. KOORMA KUMBHAKA
4. SAMA KUMBHAKA","1. SIDDHAASANAM 
1. One heel should be placed in the space between the genitals and anus and the other heel 
should be placed on the genitals.
2. The chin should be placed on the chest. 
3. Keep the backbone straight, winning over the strong emotions, remaining calm, 
4. Gaze through the third eye .
5. Maintain the pose for 30 seconds","2. SHEETHALEE KUMBHAKA 
1. Continue to sit in same asana
2. Close the eyes and relax the whole body
3. Extend the tongue outside the mouth and roll the sides of the tongue up so that it forms a tube
4. Inhale slowly through the tongue and fill the abdomen slowly
5. At the end of inhalation, roll the tongue in, close the mouth
6. Retain it there for a short time
7. Then exhale through both the nostrils
8. Do this for 21 minutes","3. KOORMA KUMBHAKA 
1. Continue to be seated in the same asana
2. Fix your sight at one point and stare
3. Do not blink your eyes
4. Do not allow your eye balls to move.
5. Do not move your body.
6. While you stare intensely, automatically the breathing will stop. Hold the breath as long as you 
can. 
7. When you can't hold anymore, relax
8. Then again stare
9. Do this 21 minutes","4. SAMA KUMBHAKA
1. Stop inhaling and exhaling
2. Close your eyes and bring your awareness to the eye balls
3. Hold the breath and mentally (do not use your fingers) 
4. When you can not hold any more relax
6. Do this 21 times with closed eyes",,,,,,,,,,
75,Care For Low Self Esteem,,"1. BHADRA ASANA
2. JAALANDHARA BANDHA
3. UDDEEYANA BANDHA
4. BHASTRIKAA
5. VISUALISATION","1. BHADRA ASANA 
1. Place the heels adjacent to each other and close to the perineum
2. Hold the feet with hands
3. Remain steady for 30 seconds","2. JAALANDHARA BANDHA 
1. Remain in same asana
2. Inhale fully
3. Place the chin on the chest and contract the throat
364
4. Fix the Gaze at the tip of the nose
5. Hold as long as possible judiciously
6. Release the throat lock and exhale slowly, when you feel you can’t hold anymore
7. Do this 21 times","3. UDDEEYANA BANDHA 
HNIQUE
1. Stay on same asana and Keep the spine straight. Head should be up and eyes open
2. Take a deep breath in and exhale completely, but do not be forceful
3. After exhaling, perform jalandhara bandha by moving the chin down to the chest and raising 
the shoulders
4. Pull the abdominal muscles inward so that the organs of the abdomen touch the back 
muscles
5. Hold as long as you can
6. When you can’t hold anymore, Before inhaling, relax the stomach and abdomen, release
 jaalandhara bandha by raising the head
7. Then inhale through the nostrils slowly
8. Before repeating another round, breathe normally for a minute or two
9. Initially start with 3 times and gradually increase upto 10 times","4. BHASTRIKAA 
1. Inhale slowly expanding the stomach
2. Exhale slowly
3. Do this 21 times
4. After 21 times, Now inhale slowly
5. Hold the breath as long as you can 
6. When you feel you cant hold quickly expel the air with the sound of bellows. At this moment 
the stomach should contract to touch the back
(This is one Bhastrikaa)
7. Do this complete sequence three times","5. VISUALISATION
1. Sit and visualize that you are at least 5 times more than what you are
2. Now feel you are 20 feet tall
3. Just visualize you are like a huge rock, you are a big being
4. Sit with this visualization for next few minutes",,,,,,,,,
76,Cure For Low Self Esteem,,"1. PADMA ASANA
2. JAALANDHARA BANDHA
3. VISUALIZATION","1. PADMA ASANA 
1. Place the right foot on the left thigh 
2. Now place the left foot on the right thigh
3. Place the hands between the thighs with the palms facing upwards 
4. Concentrating on the tip of the nose, keep the tongue pressed on the upper teeth
5. Press the chin on your chest, push the air slowly upward
6. Exhale slowly
7. Do this 3 times and release the chin on your chest and tongue pressed on the upper teeth","2. JAALANDHARA BANDHA 
1. Remain in same asana
2. Inhale fully
3. Place the chin on the chest and contract the throat
364
4. Fix the Gaze at the tip of the nose
5. Hold as long as possible judiciously
6. Release the throat lock and exhale slowly, when you feel you can’t hold anymore
7. Do this 21 times","3.VISUALISATION
1. Sit and visualize that you are at least 5 times more than what you are
2. Now feel you are 20 feet tall
3. Just visualize you are like a huge rock, you are a big being
4. Sit with this visualization for next few minutes",,,,,,,,,,,
77,Care For Lower Back Pain,,"1. DURVAASA ASANA
2. NADEE SHUDDHI KUMBHAKA
3. NAAGA KUMBHAKA
4. PRAKRITHI KUMBHAKA
5. KRITTI SHRESHTA KUMBHAKA","1. DURVAASA ASANA
1. Stay on the floor 
2. Bend your right knee and place the right leg on the left side hip
3. Bend the left knee and place the left foot on the above the right thigh so that the left foot is 
placed near the right side hip
4. Touch the right hand finger tips with the middle joints of left fingers
5. Place the hands on the genitals
6. Fix the gaze at the eye brow center 
7. Remain in this position for 30 seconds","2.NAADEE SHUDDHI kumbhaka
1. Inhale through the left nostril. contemplating on mantra ‘sam’.
2. Hold the breath as long as you can judiciously
3. Exhale through the right nostril. contemplating on mantra ‘ham’.
4. Again inhale through the right nostril,contemplating on mantra ‘sam’ 
5. Exhale through the left nostril. contemplating on mantra ‘ham’
6. Practice this for twenty kumbhaks for four times a day","3. NAAGA KUMBHAKA 
1. Swallow air very slowly and let the air go little by little like eating rice morsel by morsel.
2. Once you are full, immediately contract the throat, place the chin on the chest
3. Hold the breath in this posture as long as possible
4. Then release the lock and exhale slowly from the throat
5. Do this 21 times","4. PRAKRITHI KUMBHAKA 
1. As you chant the bija mantra “VA” loudly, suck in air quickly.
2. After you are full, Hold the breath
3. Then slowly exhale normally
4. Do this 21 times
P.S: If you have Hypertension, Hernia or if you are Pregnant do not hold the breath","5. KRITTI SHRESHTA KUMBHAKA
1. Inhale air forcibly through both the nostrils and bring to the heart region 
2. As you are holding push up the air up the throat, palate, eye brow center, and top of the head 
one by one and retain the air at top of the head.
3. Exhale when you can not hold any more
4. Do this 21 times",,,,,,,,,
78,Cure For Lower Back Pain,,"1. PAVANA MUKTA ASANA
2. NADEE SHUDDHI KUMBHAKA
3. NAAGA KUMBHAKA
4. PRAKRITI KUMBHAKA
5. KRITTI SHRESHTA KUMBHAKA","1. PAVANA MUKTA ASANA
1. Stay on ground. 
2. Bring two heels close to perineal region. 
3. Keep the knees raised. Hold knees with two hands and press them against the chest.
4. Remain in this pose for 30 seconds
IN PAVANA MUKTA ASANA, NEXT","2.NAADEE SHUDDHI kumbhaka
1. Inhale through the left nostril. contemplating on mantra ‘sam’.
2. Hold the breath as long as you can judiciously
3. Exhale through the right nostril. contemplating on mantra ‘ham’.
4. Again inhale through the right nostril,contemplating on mantra ‘sam’ 
5. Exhale through the left nostril. contemplating on mantra ‘ham’
6. Practice this for twenty kumbhaks for four times a day","3. NAAGA KUMBHAKA 
1. Swallow air very slowly and let the air go little by little like eating rice morsel by morsel.
2. Once you are full, immediately contract the throat, place the chin on the chest
3. Hold the breath in this posture as long as possible
4. Then release the lock and exhale slowly from the throat
5. Do this 21 times","4. PRAKRITHI KUMBHAKA 
1. As you chant the bija mantra “VA” loudly, suck in air quickly.
2. After you are full, Hold the breath
3. Then slowly exhale normally
4. Do this 21 times
P.S: If you have Hypertension, Hernia or if you are Pregnant do not hold the breath","5. KRITTI SHRESHTA KUMBHAKA
1. Inhale air forcibly through both the nostrils and bring to the heart region 
2. As you are holding push up the air up the throat, palate, eye brow center, and top of the head 
one by one and retain the air at top of the head.
3. Exhale when you can not hold any more
4. Do this 21 times",,,,,,,,,
79,Care For Memory Problems,,"1. MATSYA ASANA
2. NAADA KUMBHAKA
3. TRINETRA KUMBHAKA
4. TRISHOOLA KUMBHAK","1. MATSYA ASANA 
1. Place the right foot on the left thigh
2. Now place the left foot on the right thigh
3. Now lie down on your back
4. Cling on to your head with your elbows
5. Settle in this posture for 30 seconds","2. NAADA KUMBHAKA 
1. Sit in the same posture
2. Now chant the sacred sound “OM” slowly in a low tone
3. Elongate the chant as much as possible
4. Feel the sound produced from the navel and travelling through the heart, throat and brow 
centers and reaching the crown of your head.
5. Exhale slowly with Omkara
6. Do this 21 times.
IN MATSYA ASANA, NEXT","3. TRINETRA KUMBHAKA 
1. Inhale through the left nostril
2. Hold the breath as long as you can judiciously
3. Without exhalation, inhale through the right nostril
4. Hold the breath as long as you can judiciously
5. Again without exhaling, inhale through both the nostrils
6. Hold the breath as long as you can judiciously
7. Now exhale through both the nostrils slowly 
8. Do this 21 times","4. TRISHOOLA KUMBHAKA
1. Inhale through the nostrils and also through the mouth simultaneously
2. Hold the breath as long as you can judiciously
3. Now exhale through the nostrils slowly and relax
4. Do this 21 times",,,,,,,,,,
80,Cure For Memory Problems,,"1. VEERAASANA 
2. NAADA KUMBHAKA 
3. TRINETRA KUMBHAKA 
4. TRISHOOLA KUMBHAKA","1. VEERAASANA
1. Stay on the floor
2. Fold left knee and Stay on that heel as shown in the photograph 
3. Place right foot on the left thigh
4. Concentrate on the tip of the nose. Keep your hands on your thighs in chin mudra
5. Inhale and exhale in a relaxed way for a few seconds to let your body settle with this muscle 
tension","2. NAADA KUMBHAKA
1. Sit in the same posture
2. Now chant the sacred sound “OM” slowly in a low tone
3. Elongate the chant as much as possible
4. Feel the sound produced from the navel and travelling through the heart, throat and brow 
centers and reaching the crown of your head.
5. Exhale slowly with Omkara
6. Do this 21 times","3. TRINETRA KUMBHAKA 
1. Inhale through the left nostril
2. Hold the breath as long as you can judiciously
3. Without exhalation, inhale through the right nostril
4. Hold the breath as long as you can judiciously
5. Again without exhaling, inhale through both the nostrils
6. Hold the breath as long as you can judiciously
7. Now exhale through both the nostrils slowly 
8. Do this 21 times","4. TRISHOOLA KUMBHAKA
1. Inhale through the nostrils and also through the mouth simultaneously
2. Hold the breath as long as you can judiciously
3. Now exhale through the nostrils slowly and relax
4. Do this 21 times",,,,,,,,,,
81,Care For Migraine,,"1. GIRIDHARA ASANA
2. KUMBHA RAAJAA
3. SHEETHALEE KUMBHAKA
4. SEETKAAREE PRAANAAYAAMAA","1. GIRIDHARA ASANA
1. Sit in Padma asana, place the elbows on toes.
2. Interlock the fingers.
3. Place the chin on the knuckles.
4. Press the thumbs against the throat.
5. Remain in this posture for 60 seconds","2. KUMBHA RAAJAA 
1. Inhale forcefully 
2. Hold the breath to the maximum capacity by closing the nostrils
3. Exhale when you feel you can not hold more.
4. Do this 21 times","3. SHEETHALEE KUMBHAKA 
1. Continue to sit in same asana
2. Close the eyes and relax the whole body
3. Extend the tongue outside the mouth and roll the sides of the tongue up so that it forms a tube
4. Inhale slowly through the tongue and fill the abdomen slowly
5. At the end of inhalation, roll the tongue in, close the mouth
6. Retain it there for a short time
7. Then exhale through both the nostrils
8. Do this 21 times
IN GRIDHARA ASANA, NEXT","4. SEETKAAREE PRAANAAYAAMAA
1. Stay in same asana 
2. Press the lower and upper teeth together and separate the lips as much as comfortable
3. Breath in slowly through the gaps of the teeth
4. Listen to the sound of the breath as the air is being drawn in
5. Close the mouth at the end of the inhalation
6. Exhale slowly through the nose
7. Do this 21 times",,,,,,,,,,
82,Cure For Migraine,,"1. BHAGA ASANA
2. VAAMA GATI KUMBHAKA
3. UTKRANTI KUMBHAKA
4. TRAATAKA KUMBHAKA","1. BHAGA ASANA 
1. Sit with left heel at the anus and right foot on the left thigh
2. Close the eyes with index fingers, nose with middle fingers, and ears with thumbs
3. Bring your awareness to the eye brow center
4. Meditate on the Master or Deity
5. Remain in this posture for 60 seconds","2. VAAMA GATI KUMBHAKA 
1. Inhale through both the nostrils
2. Hold the breath as long as possible judiciously
3. Exhale through both the nostrils.
4. Repeat this 21 times","3. UTKRANTI KUMBHAKA 
1. Inhale through the left nostril and inhale visualizing the atma travelling up along the spine.
2. Hold as long as possible judiciously
3. Exhale through both the nostrils when you can not hold any more
4. Repeat this 21 times","4. TRAATAKA KUMBHAKA
1. Pull your tongue upwards
2. Inhale through the nostrils, Retain, and contract the throat and rest the chin on the chest
3. When you can’t hold, Exhale through the nostrils
4. Repeat this 21 times",,,,,,,,,,
83,Care For Nephrotic Syndrome,,"1. VAJRA ASANA
2. KEVALEE KUMBHAKA
3. SHOONYAKA KUMBHAKA
4. BHOROLIKAA","1. VAJRA ASANA
1. With knees, ankles and big toes touching the ground, stand on a kneeling position.
2. Sit erect with the heels under your buttocks
3. Erect in this asana 30 seconds","2. KEVALEE KUMBHAKA 
1. Inhale through the right nostril along with the internal chanting of the mantra 'sam'
2. Hold as long as you can judiciously
3. While holding the breath, chant internally the mantra 'soham' slowly.
4. Exhale through the left nostril with the internal chanting of the mantra 'ham'
5. Do this 21 times","3. SHOONYAKA KUMBHAKA 
1. Exhale completely
2. Hold the breath outside as long as you can
3. Now visualize moon on the crown of your head
4. Visualize nectar oozing out of the moon
5. Mentally suck the nectar
6. When you can’t hold the breath outside, slowly inhale
7. Do this 21 times","4. BHOROLIKAA
1. Along with the a humming sound inhale completely
2. Without using the fingers to close the nose retain the breath inside as long as you can
3. When you can't hold more, release the breath through the nostrils without humming
4. Repeat this 21 times",,,,,,,,,,
84,Cure For Nephrotic Syndrome,,"1. MATSYA ASANA
2. KEVALEE KUMBHAKA
3. SHOONYAKA KUMBHAKA
4. BHOROLIKAA KUMBHAKA","1. MATSYA ASANA
1. Place the right foot on the left thigh
2. Now place the left foot on the right thigh
3. Now lie down on your back
4. Cling on to your head with your elbows
5. Stay in this position 30 seconds","2. KEVALEE KUMBHAKA 
1. Inhale through the right nostril along with the internal chanting of the mantra 'sam'
2. Hold as long as you can judiciously
3. While holding the breath, chant internally the mantra 'soham' slowly.
4. Exhale through the left nostril with the internal chanting of the mantra 'ham'
5. Do this for 11 minutes","3. SHOONYAKA KUMBHAKA 
1. Exhale completely
2. Hold the breath outside as long as you can
3. Now visualize moon on the crown of your head
4. Visualize nectar oozing out of the moon and healing the kidneys
5. When you can’t hold the breath outside, slowly inhale
399
6. Do this 21 times","4. BHOROLIKAA KUMBHAKA
1. Along with the a humming sound inhale completely
2. Without using the fingers to close the nose retain the breath inside as long as you can
3. When you can't hold more, release the breath through the nostrils without humming
4. Repeat this 21 times",,,,,,,,,,
85,Care For Obesity,,"1. BHADRA ASANA
2. JAALANDHARA BANDHA
3. UDDEEYANAA BANDHA
4. AGNEESHOMA KUMBHAKA
5. VYAANA KUMBHAKA
6. DAKSHINAAVARTA CHAKRA KUMBHAKA","1. BHADRA ASANA
1. Bend both the legs to the back, keep the feet facing up and Sit on it
2. Take both your hands to the back and hold your right toes with the left hand and left toes with 
the right hand
3. Do Jaalandhara bandha, contract your throat, bend your chin and rest it on your chest
4. Concentrate your gaze on the tip of your nose
5. Remain in this pose for 30 seconds and release the Jaalandhara bandha","2. JAALANDHARA BANDHA
1. Stay on Bhadrasana
2. Inhale fully
3. Place the chin on the chest and contract the throat
4. Hold as long as possible judiciously
5. When you can't hold anymore, Release the throat lock and exhale slowly
6. Do this 21 times","3. UDDEEYANAA BANDHA 
1. Stand and Keep about half-a-metre gap between your feet
2. Bend the knees slightly and rest your palms above the knees with the thumbs facing inwards 
and the fingers outwards. 
3. Keep the spine straight. Head should be up and eyes open 
4. Take a deep breath in and exhale completely, but do not be forceful. 
403
5. After exhaling, perform jalandhara bandha by moving the chin down to the chest and raising 
the shoulders. 
6. Pull the abdominal muscles inward so that the organs of the abdomen touch the back muscles 
7. Hold as long as you can. 
8. When you can’t hold anymore, Before inhaling, relax the stomach and abdomen, release 
jaalandhara bandha by raising the head, and stand straight. 
9. Then inhale through the nostrils slowly. 
10. Before repeating another round, breathe normally for a minute or two. 
11. Initially start with 3 times and gradually increase upto 10 times","4. AGNEESHOMA KUMBHAKA 
1. Inhale through the right nostril
2. Hold the breath
3. Exhale through the left nostril
404
4. Now inhale through left nostril 
5. Hold the breath
6. Exhale through right nostril.
7. Do this 21 times","5. VYAANA KUMBHAKA 
1. Inhale Deeply 
2. Hold the breath by contracting the whole body
3. Have intense awareness and visualize the whole body contracting: abdomen, throat, chest, 
back, the whole body
4. When you cannot hold anymore slowly exhale
5. Do this 21 time","6. DAKSHINAAVARTA CHAKRA KUMBHAKA
1. Inhale through right nostril
2. Hold the breath as long as you can judiciously
3. Exhale through the left nostril
4. Again inhale through right nostril
5. Exhale through the left nostril
6. Repeat this 21 times.",,,,,,,,
86,Cure For Obesity,,"1. ANJANEE ASANA
2. UDDEEYAANA BANDHA
3. AGNEESHOMA KUMBHAKA
4. VYAANA KUMBHAKA
5. DAKSHINAAVARTA CHAKRA KUMBHAKA
6. GOMUKHA ASANA
7. GADAA KUMBHAKA
8. KUMBHA RAAJAA
9. UJJAAYEE KUMBHAKA","1. ANJANEE ASANA
1. Sit with legs stretched keeping the heels on the ground and toes pointing upward.
2. Place both the hands under the buttocks, palms facing upward and fingers closed together.
3. Bring the elbows close to the body as much as possible.
4. Gaze at the center of the eyebrows.
5. Remain in this pose 60 seconds","2. UDDEEYAANA BANDHA
1. Stay on same asana and Keep the spine straight. Head should be up and eyes open
2. Take a deep breath in and exhale completely, but do not be forceful
3. After exhaling, perform jalandhara bandha by moving the chin down to the chest and raising 
the shoulders
4. Pull the abdominal muscles inward so that the organs of the abdomen touch the back 
muscles
5. Hold as long as you can
6. When you can’t hold anymore, before inhaling, relax the stomach and abdomen, release 
jaalandhara bandha by raising the head, and stand straight
7. Then inhale through the nostrils slowly
8. Before repeating another round, breathe normally for a minute or two
9. Initially start with 3 times and gradually increase up to 10 times","3. AGNEESHOMA KUMBHAKA 
1. Inhale through the right nostril
2. Hold the breath
3. Exhale through the left nostril
4. Now inhale through left nostril 
5. Hold the breath
6. Exhale through right nostril.
7. Do this 21 times","4. VYAANA KUMBHAKA 
1. Inhale Deeply 
2. Hold the breath by contracting the whole body
3. Have intense awareness and visualize the whole body contracting: abdomen, throat, chest, 
back, the whole body
4. When you cannot hold anymore slowly exhale
5. Do this 21 times","5. DAKSHINAAVARTA CHAKRA KUMBHAKA 
1. Inhale through right nostril
2. Hold the breath as long as you can judiciously
3. Exhale through the left nostril
4. Again inhale through right nostril
5. Hold the breath as long as you can judiciously
6. Exhale through the left nostril
7. Do this 21 times","6. GOMUKHA ASANA 
1. Bend the knees and place the right foot so that the left heel touches the side of the buttock.
2. Then bend the leg over the right thigh so that the heel is placed close to the right buttock. 
3. Rest the hands on the upper knee, on top of the other.
4. Stay on this pose for 60 seconds","7. GADAA KUMBHAKA 
1. Inhale through both the nostrils
2. Hold the breath
3. Exhale through the right nostril
4. Do this 21 times","8. KUMBHA RAAJAA 
1. Inhale forcefully 
2. Hold the breath to the maximum capacity by closing the nostrils
3. Exhale when you feel you can not hold more.
4. Do this 21 times","9. UJJAAYEE KUMBHAKA
1. Close your Mouth
2. Inhale through both the nostrils
3. Hold as long as you can judiciously
4. Exhale slowly through the left nostril
5. Do this 21 times",,,,,
87,CARE FOR POLYCYSTIC OVARIES,,"1. MULA BANDHA
2. UDDEEYAANA BANDHA
3. JALANDHARA BANDHA","1. MULA BANDHA
1. Keep the left heel between the genitals and anus
2. Contract the anus
3. Contract the intestines near the navel such that it touches the back
4. Keep the right heel pressed on the genitals","2. UDDEEYAANA BANDHA
1. Sit on same asana and Keep the spine straight. Head should be up and eyes open
2. Take a deep breath in and exhale completely, but do not be forceful
3. After exhaling, perform jalandhara bandha by moving the chin down to the chest and raising the 
shoulders
4. Pull the abdominal muscles inward so that the organs of the abdomen touch the back muscles
5. Hold as long as you can
6. When you can’t hold anymore, Before inhaling, relax the stomach and abdomen, release
 jalandhara by raising the head
7. Then inhale through the nostrils slowly
8. Before repeating another round, breathe normally for a minute or two
9. Initially start with 3 times and gradually increase upto 10 times","3. JALANDHARA BANDHA
1. Remain in same asana
2. Inhale fully
3. Place the chin on the chest and contract the throat
4. Fix the Gaze at the tip of the nose
5. Hold as long as possible judiciously
6. Release the pose and the throat lock while exhaling slowly
7. Do this 21 times",,,,,,,,,,,
88,Cure For Post-Traumatic Stress Disorder,,"1. DURVAASA ASANA
2. VYAANA KUMBHAKA
3. NAAGA KUMBHAKA
4. AGNEE SOMA KUMBHAKA","1. DURVAASA ASANA
1. Sit on the floor
2. Bend your right knee and place the right leg on the left side hip
3. Bend the left knee and place the left foot on the above the right thigh so that the left foot is placed 
near the right side hip
4. Touch the right hand finger tips with the middle joints of left fingers
5. Place the hands above the genitals
6. Fix the gaze at the eye brow center","2. VYAANA KUMBHAKA
1. Inhale Deeply 
2. Hold the breath by contracting the whole body
3. Have intense awareness and visualize the whole body contracting: abdomen, throat, chest, 
back, the whole body
4. When you cannot hold anymore slowly exhale
5. Do this 21 times","3. NAAGA KUMBHAKA
1. Swallow air very slowly and let the air go little by little like eating rice morsel by morsel.
2. Once you are full, immediately contract the throat, place the chin on the chest
3. Hold the breath in this posture as long as possible
4. Then release the lock and exhale slowly from the throat
5. Do this 21 times","4. AGNEE SOMA KUMBHAKA
1. Inhale through the right nostril
420
2. Hold the breath as long as you can, judiciously
3. Exhale through the left nostril
4. Then again inhale through the left nostril
5. Hold the breath as long as you can, judiciously
6. Exhale through right nostril
7. Do this 21 times",,,,,,,,,,
89,Care For Pulmonary Disease,,"1. PADMA ASANA
2. LAHARI PRAANAAYAAMAA
3. KAPAALABHAATI
4. SHOONYAKA KUMBHAKA
5. KEVALEE KUMBHAKA
6. VAAMAGATI KUMBHAKA","1. PADMA ASANA (BADDHA)
1. Place the right foot on the left thigh 
2. Now place the left foot on the right thigh
3. Cross the hands behind the back and firmly catch hold of the great toes of the feet so crossed
4. Place the chin on the chest and fix the gaze on the tip of the nose (this posture is called the 
Padmaasanam(or lotus posture). This posture destroys all diseases)
5. Settle in this posture for 30 seconds","2. LAHARI PRAANAAYAAMAA

TECHNIQUE
1. Breath in with short inhalation with one nostril
2. Then Breath out with short exhalation with the other nostril 
3. Do this for 3 minutes
IN PADMA ASANA, NEXT","3. KAPAALABHAATI PRAANAAYAAMAA
1. Breath out short and fast as you pull your abdomen in and up. 
2. Allow the body to inhale by itself 
3. Do this 21 times","4. SHOONYAKA KUMBHAKA
1. Exhale completely
2. Hold the breath outside as long as you can
3. Now visualize moon on the crown of your head
4. Visualize nectar oozing out of the moon
5. Mentally suck the nectar
6. When you can’t hold the breath outside, slowly inhale
7. Do this 21 times","5. KEVALEE KUMBHAKA
1. Inhale through the right nostril along with the internal chanting of the mantra 'sam'
2. Hold as long as you can judiciously
3. While holding the breath, chant internally the mantra 'soham' slowly.
4. Exhale through the left nostril with the internal chanting of the mantra 'ham'
424
5. Do this 21 times","6. VAAMAGATI KUMBHAKA
1. Inhale through both the nostrils
2. Hold the breath as long as possible judiciously
3. Exhale through both the nostrils.
4. Repeat this 21 times",,,,,,,,
90,Cure For Pulmonary Disease,,"1. BHADRA ASANA
2. PLAAVINEE KUMBHAKA
3. KAMALA KUMBHAKA
4. KUMUDA KUMBHAKA
5. KRAMANETRA KUMBHAKA
6. TRINETRA KUMBHAKA","1. BHADRA ASANA
1. Place the heels adjacent to each other and close to the perineum
2. Hold the feet with hands
3. Remain steady for 30 seconds","2. PLAAVINEE KUMBHAKA
1. Stay on same posture
2. Inhale completely
3. Contract the throat and rest your chin on the chest
4. Retain the air inside as much as you can possible
5. When you can't hold anymore, Release the throat lock and exhale slowly 
6. Do this 21 times","3. KAMALA KUMBHAKA 
1. Inhale through the right nostril
2. Retain the breath as long as you can judiciously
3. Exhale through the left nostril
4. Do this 21 times","4. KUMUDA KUMBHAKA 
1. Inhale through the left nostril
2. Hold the breath
3. Exhale through both the nostrils
4. Repeat this 21 times","5. KRAMANETRA KUMBHAKA 
1. Inhale through the right nostril
2. Hold the breath
3. Inhale through the left nostril
4. Hold the breath
5. Exhale through the right nostril
6. Hold the breath
7. Exhale through the left nostril
8. Hold the breath
9. Do this 21 times","6. TRINETRA KUMBHAKA
1. Inhale through the left nostril
2. Hold the breath as long as you can judiciously
3. Without exhalation, inhale through the right nostril
4. Hold the breath as long as you can judiciously
429
5. Again without exhaling, inhale through both the nostrils
6. Hold the breath as long as you can judiciously
7. Now exhale through both the nostrils slowly 
8. Do this 21 times",,,,,,,,
91,Care For Rapid Recovery From Illness,,"1. ANJANEE ASANA
2. SHEETHALEE KUMBHAKA
3. SEETHKAAREE PRAANAAYAAMA
4. TRINETRA KUMBHAKA
5. TRISHOOLA KUMBHAKA
6. KRAMANETRA KUMBHAKA","1. ANJANEE ASANA
1. Sit with legs stretched keeping the heels on the ground and toes pointing upward.
2. Place both the hands under the buttocks, palms facing upward and fingers closed together.
3. Bring the elbows close to the body as much as possible.
4. Gaze at the center of the eyebrows.","2. SHEETHALEE KUMBHAKA 
1. Continue to sit in same asana
2. Close the eyes and relax the whole body
3. Extend the tongue outside the mouth and roll the sides of the tongue up so that it forms a tube
4. Inhale slowly through the tongue and fill the abdomen slowly
5. At the end of inhalation, roll the tongue in, close the mouth
6. Retain it there for a short time
7. Then exhale through both the nostrils
8. Do this 21 times","3. SEETHKAAREE PRAANAAYAAMA
1. Stay in same asana 
2. Press the lower and upper teeth together and separate the lips as much as comfortable
3. Breath in slowly through the gaps of the teeth
433
4. Listen to the sound of the breath as the air is being drawn in
5. Close the mouth at the end of the inhalation
6. Exhale slowly through the nose
7. Do this for 7minutes","4. TRINETRA KUMBHAKA 
1. Inhale through the left nostril
2. Hold the breath as long as you can judiciously
3. Without exhalation, inhale through the right nostril
4. Hold the breath as long as you can judiciously
5. Again without exhaling, inhale through both the nostrils
6. Hold the breath as long as you can judiciously
7. Now exhale through both the nostrils slowly 
8. Do this 21 times","5. TRISHOOLA KUMBHAKA 
1. Inhale through the nostrils and also through the mouth simultaneously
2. Hold the breath as long as you can judiciously
3. Now exhale through the nostrils slowly and relax
4. Do this 21 times
IN ANJANEE ANSANA, NEXT","6. KRAMANETRA KUMBHAKA
1. Inhale through the right nostril
2. Hold the breath
3. Inhale through the left nostril
4. Hold the breath
5. Exhale through the right nostril
6. Hold the breath
7. Exhale through the left nostril
8. Hold the breath
9. Do this 21 times",,,,,,,,
92,Cure For Rapid Recovery From Illness,,"1. ANASOOYA ASANA
2. SHEETHALEE KUMBHAKA
3. SEETHKAAREE PRAANAAYAAMA
4. TRINETRA KUMBHAKA
5. TRISHOOLA KUMBHAKA
6. KRAMANETRA KUMBHAKA","1. ANASOOYA ASANA
1. Place one knee above the other
2. Hold the hands from the back
3. Bend down to touch the nose on the ground
4. Gaze at the tip of the nose
5. Remain in this pose 30 seconds","2. SHEETHALEE KUMBHAKA
1. Continue to sit in same asana
2. Close the eyes and relax the whole body
3. Extend the tongue outside the mouth and roll the sides of the tongue up so that it forms a tube
4. Inhale slowly through the tongue and fill the abdomen slowly
5. At the end of inhalation, roll the tongue in, close the mouth
6. Retain it there for a short time
7. Then exhale through both the nostrils
8. Do this 21 times
IN ANASOOYA ASANA, NEXT","3. SEETHKAAREE PRAANAAYAAMA
1. Stay in same asana 
2. Press the lower and upper teeth together and separate the lips as much as comfortable
3. Breath in slowly through the gaps of the teeth
4. Listen to the sound of the breath as the air is being drawn in
5. Close the mouth at the end of the inhalation
6. Exhale slowly through the nose
7. Do this 21 times","4. TRINETRA KUMBHAKA 
1. Inhale through the left nostril
2. Hold the breath as long as you can judiciously
3. Without exhalation, inhale through the right nostril
4. Hold the breath as long as you can judiciously
5. Again without exhaling, inhale through both the nostrils
6. Hold the breath as long as you can judiciously
7. Now exhale through both the nostrils slowly 
8. Do this 21 times","5. TRISHOOLA KUMBHAKA 
1. Inhale through the nostrils and also through the mouth simultaneously
2. Hold the breath as long as you can judiciously
3. Now exhale through the nostrils slowly and relax
4. Do this 21 times","6. KRAMANETRA KUMBHAKA
1. Inhale through the right nostril
2. Hold the breath
3. Inhale through the left nostril
4. Hold the breath
5. Exhale through the right nostril
6. Hold the breath
7. Exhale through the left nostril
8. Hold the breath
9. Do this 21 times",,,,,,,,
93,Care For Schizophrenia,,"1. NETI ASANA
2. VYAANA KUMBHAKA
3. NAAGA KUMBHAKA
4. SAHITA KUMBHAKA
5. SHOONYAKA KUMBHAKA
6. PANJA ASANA
7. BHOROLIKAA
8. KEVALA KUMBHAKA","1. NETI ASANA
1. Sit with legs stretched
2. Keep the left foot on the right knee and right foot under the left knee
3. Hold the elbows with the opposite hands
4. Extend it forward
5. Lika a churner, churn both the arms in this position
6. Fix the gaze at the nose tip
7. Do it slowly for 30 seconds","2. VYAANA KUMBHAKA
1. Inhale Deeply 
2. Hold the breath by contracting the whole body
3. Have intense awareness and visualize the whole body contracting: abdomen, throat, chest, 
back, the whole body
4. When you cannot hold anymore slowly exhale
5. Do this 21 times","3. NAAGA KUMBHAKA 
1. Swallow air very slowly and let the air go little by little like eating rice morsel by morsel.
2. Once you are full, immediately contract the throat, place the chin on the chest
3. Hold the breath in this posture as long as possible
4. Then release the lock and exhale slowly from the throat
5. Do this 21 times","4. SAHITA KUMBHAKA 
1. Inhale the breath through both the nostrils and mouth
2. Hold the breath as long as you can judiciously
3. Exhale slowly through both the nostrils 
4. Do this 21 times","5. SHOONYAKA KUMBHAKA 
1. Exhale completely
2. Hold the breath outside as long as you can
444
3. Now visualize moon on the crown of your head
4. Visualize nectar oozing out of the moon
5. Mentally suck the nectar
6. When you can’t hold the breath outside, slowly inhale
7. Do this 21 times","6. PANJA ASANA 
1. Stand on your toes
2. Cross your hands and tie your hands
3. Hold the hands close to the chest
4. Remain in this pose for 30 seconds","7. BHOROLIKAA
1. Along with the a humming sound inhale completely
2. Without using the fingers to close the nose retain the breath inside as long as you can
3. When you can't hold more, release the breath through the nostrils without humming
4. Repeat this 21 times","8. KEVALA KUMBHAKA
1. Hold the breath automatically without inhalation or exhalation specifically.
2. When you cannot hold anymore relax
3. Allow the breathing to become normal
4. Do this 21 times",,,,,,
94,Cure For Schizophrenia,,"1. KUBAANAASANA
2. VYAANA KUMBHAKA
3. NAAGA KUMBHAKA
4. SAHITA KUMBHAKA
5. SHOONYAKA KUMBHAKA
6. KOCHAKA ASANA
7. BHOROLIKAA KUMBHAKA
8. KEVALA KUMBHAKA","1. KUBAANAASANA
1. Stay on the floor
2. Place the left foot at the base of the right thigh
3. Having bent the right knee, place the right foot near the left knee
4. Let the left elbow come outside the right knee
5. Now hold the right toes with the left hand
6. Keep the right thump on the right ear with other fingers also stretched.
7. Remain in this pose for 30 seconds","2. VYAANA KUMBHAKA
1. Inhale Deeply 
2. Hold the breath by contracting the whole body
3. Have intense awareness and visualize the whole body contracting: abdomen, throat, chest, 
back, the whole body
4. When you cannot hold anymore slowly exhale
5. Do this 21 times","3. NAAGA KUMBHAKA 
1. Swallow air very slowly and let the air go little by little like eating rice morsel by morsel.
2. Once you are full, immediately contract the throat, place the chin on the chest
3. Hold the breath in this posture as long as possible
4. Then release the lock and exhale slowly from the throat
5. Do this 21 times","4. SAHITA KUMBHAKA 
1. Inhale the breath through both the nostrils and mouth
2. Hold the breath as long as you can judiciously
3. Exhale slowly through both the nostrils 
4. Do this 21 times","5. SHOONYAKA KUMBHAKA 
1. Exhale completely
2. Hold the breath outside as long as you can
444
3. Now visualize moon on the crown of your head
4. Visualize nectar oozing out of the moon
5. Mentally suck the nectar
6. When you can’t hold the breath outside, slowly inhale
7. Do this 21 times","6. PANJA ASANA 
1. Stand on your toes
2. Cross your hands and tie your hands
3. Hold the hands close to the chest
4. Remain in this pose for 30 seconds","7. BHOROLIKAA
1. Along with the a humming sound inhale completely
2. Without using the fingers to close the nose retain the breath inside as long as you can
3. When you can't hold more, release the breath through the nostrils without humming
4. Repeat this 21 times","8. KEVALA KUMBHAKA
1. Hold the breath automatically without inhalation or exhalation specifically.
2. When you cannot hold anymore relax
3. Allow the breathing to become normal
4. Do this 21 times",,,,,,
95,Care For Short-Sightedness,,"1. AGHORA ASANA
2. KAPAALABHAATI
3. LAHARI PRAANAAYAAMAA
4. ANDOLI PRAANAAYAAMAA","1. AGHORA ASANA
1. Sit with heels of the feet together
2. Spread the knees apart
3. The right palm should be placed on the mouth
4. Turn the tongue backwards
5. Through the right nostril inhale
6. Hold as long as possible judiciously
7. Exhale through the left nostril
8. Now place the left palm on the mouth
9. Inhale through left nostril 
10. Hold as long as possible judiciously
11. Exhale through the right nostril
12. Similarly alternate and repeat the inhalation and exhalation for 3 minutes","2. KAPAALABHAATI
1. Breath out short and fast as you pull your abdomen in and up.
2. Allow the body to inhale by itself
3. Do this 21 times","3. LAHARI PRAANAAYAAMAA 
1. Breath in with short inhalation with one nostril
2. Then Breath out with short exhalation with the other nostril 
3. Do this 21 times","4. ANDOLI PRAANAAYAAMAA
1. As you Breath roll your tongue
2. Breath through your nose and mouth
3. When you feel full close the mouth by rolling the tongue and touching the top of the mouth
4. Slowly exhale through your nose
5. Repeat this 21 times",,,,,,,,,,
96,Cure For Short-Sightedness,,"1. ANASOOYA ASANA
2. KAPAALABHAATI
3. LAHARI PRAANAAYAAMAA
4. ANDOLI PRAANAAYAAMAA","1. ANASOOYA ASANA
1. Stay on the floor
2. Bend the left knee and place the right knee on the left knee
3. Rest both the feet on the floor adjacent to the hips
4. Hold the right foot with the left hand and vice versa
5. Gaze at the tip of the nose 
6. Remain in this pose 30 seconds","2. KAPAALABHAATI
1. Breath out short and fast as you pull your abdomen in and up.
2. Allow the body to inhale by itself
3. Do this 21 times 
IN ANASOOYA ASANA, NEXT","3. LAHARI PRAANAAYAAMAA
1. Breath in with short inhalation with one nostril
2. Then Breath out with short exhalation with the other nostril 
3. Do this 21 times","4. ANDOLI PRAANAAYAAMAA
1. As you Breath roll your tongue
2. Breath through your nose and mouth
457
3. When you feel full close the mouth by rolling the tongue and touching the top of the mouth
4. Retain the breath as long as you can
5. When you feel you are not able to retain slowly exhale
Repeat this 21 times",,,,,,,,,,
97,Care For Sinusitis,,"1. VAJRA ASANA
2. PRAKRITHI KUMBHAKA
3. AGNEESHOMA KUMBHKA
4. UJJAYEE KUMBHKA
5. KUMBHA RAAJAA KUMBHKA
6. SEETHKAAREE KUMBHAKA","1. VAJRA ASANA
1. With knees, ankles and big toes touching the ground, stand on a kneeling position.
2. Sit erect with the heels under your buttocks
3. Erect in this asana 30 seconds","2.PRAKRITHI KUMBHAKA
1. As you chant the bija mantra “VA” loudly, suck in air quickly.
2. After you are full, hold the breath
3. Then slowly exhale normally
4. Do this 21 times","3. AGNEESHOMA KUMBHKA
1. Inhale through the right nostril
2. Hold the breath
3. Exhale through the left nostril
4. Now inhale through left nostril 
5. Hold the breath
6. Exhale through right nostril.
7. Do this 21 times","4. UJJAYEE KUMBHKA 
1. Close your Mouth
2. Inhale through both the nostrils
3. Hold as long as you can judiciously
4. Exhale slowly through the left nostril
5. Do this 21 times","5. KUMBHA RAAJAA KUMBHKA 
1. Inhale forcefully 
2. Hold the breath to the maximum capacity by closing the nostrils
3. Exhale when you feel you can not hold more.
4. Do this 21 times","6. SEETHKAAREE KUMBHAKA
1. Turn and raise the tounge upwards
2. Inhale the breath with a sound “seeth”(hiss) and be aware of the tounge and the hissing sound 
created by the air going in
3. Hold the breath as long as you can judiciously
4. Exhale through both the nostrils slowly
5. Do this 21 times",,,,,,,,
98,Cure For Sinusitis,,"1. VRISHCHIKASANA 
2. PRAKRITHI KUMBHAKA 
3. AGNEE SOMA KUMBHAKA 
4. UJJAYEE KUMBHAKA 
5. KUMBHA RAAJAA KUMBHAKA 
6. SEETHKAAREE KUMBHAKA","1. VRISHCHIKASANA 
1. Take a kneeling down position on the floor 
2. Lean forward and place elbows and hands on the ground 
3. Raise both legs up
4. Bend them backwards 
5. Touch your head with your feet 
6. Raise the chin up 
7. Stay in this posture for 30 seconds","2.PRAKRITHI KUMBHAKA
1. As you chant the bija mantra “VA” loudly, suck in air quickly.
2. After you are full, hold the breath
3. Then slowly exhale normally
4. Do this 21 times","3. AGNEESHOMA KUMBHKA
1. Inhale through the right nostril
2. Hold the breath
3. Exhale through the left nostril
4. Now inhale through left nostril 
5. Hold the breath
6. Exhale through right nostril.
7. Do this 21 times","4. UJJAYEE KUMBHKA 
1. Close your Mouth
2. Inhale through both the nostrils
3. Hold as long as you can judiciously
4. Exhale slowly through the left nostril
5. Do this 21 times","5. KUMBHA RAAJAA KUMBHKA 
1. Inhale forcefully 
2. Hold the breath to the maximum capacity by closing the nostrils
3. Exhale when you feel you can not hold more.
4. Do this 21 times","6. SEETHKAAREE KUMBHAKA
1. Turn and raise the tounge upwards
2. Inhale the breath with a sound “seeth”(hiss) and be aware of the tounge and the hissing sound 
created by the air going in
3. Hold the breath as long as you can judiciously
4. Exhale through both the nostrils slowly
5. Do this 21 times",,,,,,,,
99,Care For Skin Problems,,"1. MAAKADA ASANA
2. SHANTHA KUMBHAKA
3. SEETHKAAREE KUMBHAKA
4. BHASTRIKAA KUMBHAKA
5. TRINETRA KUMBHAKA
6. TRISHOOLA KUMBHAKA","1. MAAKADA ASANA
1. Come to a full squat position
2. Rest the knees on the floor and spread the knees a little apart
3. Stay on the heels with the heels raised off the ground
4. Keep the toes pointing downwards
5. Raise the arms, cross them and place them behind the head
6. Fix the gaze at the eyebrow center
7. Settle in this posture for 30 seconds","2. SHANTHA KUMBHAKA
1. Inhale deeply and hold the breath inside
2. Visualize the breath inside and outside the body
470
3. Hold as long as possible
4. Relax when you can not hold any more
5. Do this 21 times","3. SEETHKAAREE KUMBHAKA
1. Stay in same asana 
2. Press the lower and upper teeth together and separate the lips as much as comfortable
3. Breath in slowly through the gaps of the teeth
4. Listen to the sound of the breath as the air is being drawn in
5. Close the mouth at the end of the inhalation
6. Exhale slowly through the nose
7. Do this 21 times","4. BHASTRIKAA KUMBHAKA
1. Inhale slowly expanding the stomach
2. Exhale slowly
3. Do this 21 times
4. After 21 times, Now inhale slowly
5. Hold the breath as long as you can 
6. When you feel you cant hold quickly expel the air with the sound of bellows. At this moment 
the stomach should contract to touch the back
(This is one Bhastrikaa)
7. Do this complete sequence three times","5. TRINETRA KUMBHAKA 
1. Inhale through the left nostril
2. Hold the breath as long as you can judiciously
3. Without exhalation, inhale through the right nostril
4. Hold the breath as long as you can judiciously
5. Again without exhaling, inhale through both the nostrils
6. Hold the breath as long as you can judiciously
7. Now exhale through both the nostrils slowly 
8. Do this 21 times","6. TRISHOOLA KUMBHAKA
1. Inhale through the nostrils and also through the mouth simultaneously
2. Hold the breath as long as you can judiciously
3. Now exhale through the nostrils slowly and relax
4. Do this 21 times",,,,,,,,
100,Cure For Skin Problems,,"1. PADMA ASANA
2. GADAA KUMBHAKA
3. TATTVA KUMBHAKA
4. SURYA BHEDANA KUMBHAKA
5. CHANDRA BHEDANA KUMBHAKA
6. UJJAAYEE KUMBHAKA","1. PADMA ASANA
1. Place the right foot on the left thigh 
2. Now place the left foot on the right thigh
3. Place the hands between the thighs with the palms facing upwards 
4. Concentrating on the tip of the nose, keep the tongue pressed on the upper teeth
5. Press the chin on your chest, push the air slowly upward
6. Exhale slowly
7. Do this 3 times and release the chin on your chest and tongue pressed on the upper teeth","2. GADAA KUMBHAKA
1. Inhale through both the nostrils
2. Hold the breath
3. Exhale through the right nostril
4. Do this 21 times","3. TATTVA KUMBHAKA
1. Remain in the same posture
2. Inhale and hold the breath as long as possible
3. As you hold visualize your skin is getting cured
4. Visualize the skin is completely cured and this visualization is called as tattva
5. When you cannot hold anymore slowly exhale
6. Do this 21 times","4. SURYA BHEDANA KUMBHAKA 
1. Inhale with sound through the right nostril till the throat gets filled
2. Hold as long as possible
3. Then slowly exhale through the left nostril
4. Do this 21 times","5. CHANDRA BHEDANA KUMBHAKA 
1. Inhale through the left nostril completely
2. Hold as long as you can judiciously
3. Exhale as slowly as you can through the right nostril
4. Do this 21 times","6. UJJAAYEE KUMBHAKA
1. Close your Mouth
2. Inhale through both the nostrils
3. Hold as long as you can judiciously
478
4. Exhale slowly through the left nostril
5. Do this 21 times",,,,,,,,
101,Care For Stiff Knees & Knee Pain,,"1. DURVAASA ASANA
2. NAAGA KUMBHAKA
3. BHRAAMAREE KUMBHAKA
4. KUMUDA KUMBHAKA","1. DURVAASA ASANA
1. Stay on the floor 
2. Bend your right knee and place the right leg on the left side hip
3. Bend the left knee and place the left foot on the above the right thigh so that the left foot is 
placed near the right side hip
4. Touch the right hand finger tips with the middle joints of left fingers
5. Place the hands on the genitals
6. Fix the gaze at the eye brow center 
7. Remain in this position for 30 seconds","2. NAAGA KUMBHAKA
1. Swallow air very slowly and let the air go little by little like eating rice morsel by morsel.
2. Once you are full, immediately contract the throat, place the chin on the chest
3. Hold the breath in this posture as long as possible
4. Then release the lock and exhale slowly from the throat
5. Do this 21 times","3. BHRAAMAREE KUMBHAKA
1. Inhale rapidly with the sound ‘mmm’ of a bee
2. Hold 
3. Exhale steadily and slowly with the sound of a ‘mmm’ of a bee
4. Do this 21 times","4. KUMUDA KUMBHAKA
1. Inhale through the left nostril
2. Hold the breath
3. Exhale through both the nostrils
4. Repeat this 21 times",,,,,,,,,,
102,Cure For Stiff Knees & Knee Pain,,"1. PADMA ASANA
2. NAAGA KUMBHAKA
3. BHRAAMAREE KUMBHAKA
4. KUMUDA KUMBHAKA","1. PADMA ASANA
1. Place the right foot on the left thigh 
2. Now place the left foot on the right thigh
3. Place the hands between the thighs with the palms facing upwards 
4. Concentrating on the tip of the nose, keep the tongue pressed on the upper teeth
5. Press the chin on your chest, push the air slowly upward
6. Exhale slowly
7. Do this 3 times and release the chin on your chest and tongue pressed on the upper teeth","2. NAAGA KUMBHAKA
1. Swallow air very slowly and let the air go little by little like eating rice morsel by morsel.
2. Once you are full, immediately contract the throat, place the chin on the chest
3. Hold the breath in this posture as long as possible
4. Then release the lock and exhale slowly from the throat
5. Do this 21 times","3. BHRAAMAREE KUMBHAKA
1. Inhale rapidly with the sound ‘mmm’ of a bee
2. Hold 
3. Exhale steadily and slowly with the sound of a ‘mmm’ of a bee
4. Do this 21 times","4. KUMUDA KUMBHAKA
1. Inhale through the left nostril
2. Hold the breath
3. Exhale through both the nostrils
4. Repeat this 21 times",,,,,,,,,,
103,Care For Thyroid Problems,,"1. PHODYASANA
2. JAALANDHARA BANDHA
3. TRISHOOLA KUMBHAKA
4. NAAGA KUMBHAKA
5. TRINETRA KUMBHAKA","1. PHODYASANA
1. Be seated with legs stretched on the ground
2. Slowly raise the legs upward by catching hold of calves with two hands.
3. By contracting the abdomen, raise the head upwards towards the knees
4. Remain in this posture for 30 seconds","2. JAALANDHARA BANDHA
1. Remain in same asana
2. Inhale fully
3. Place the chin on the chest and contract the throat
4. Fix the Gaze at the tip of the nose
5. Hold as long as possible judiciously
6. Release the throat lock and exhale slowly, when you feel you can’t hold anymore
7. Do this 21 times","3. TRISHOOLA KUMBHAKA
1. Inhale through the nostrils and also through the mouth simultaneously
2. Hold the breath as long as you can judiciously
3. Now exhale through the nostrils slowly and relax
4. Do this 21 times","4. NAAGA KUMBHAKA
1. Swallow air very slowly and let the air go little by little like eating rice morsel by morsel.
2. Once you are full, immediately contract the throat, place the chin on the chest
3. Hold the breath in this posture as long as possible
4. Then release the lock and exhale slowly from the throat
5. Do this 21 times","5. TRINETRA KUMBHAKA
1. Inhale through the left nostril
2. Hold the breath as long as you can judiciously
3. Without exhalation, inhale through the right nostril
4. Hold the breath as long as you can judiciously
5. Again without exhaling, inhale through both the nostrils
6. Hold the breath as long as you can judiciously
7. Now exhale through both the nostrils slowly 
8. Do this 21 times",,,,,,,,,
104,Cure For Thyroid Problems,,"1. SIMHAASANA
2. JAALANDHARA BANDHA
3. TRISHOOLA KUMBHAKA
4. NAAGA KUMBHAKA
5. TRINETRA KUMBHAKA","1. SIMHAASANA
1. Be seated in the kneel-down pose
2. Cross the ankles and place them under the perineum
3. Place the hands on the knees
4. Spread out fingers
5. Place the chin on the throat and contract the throat
6. Open the mouth widely sticking the tongue
7. Gaze at the tip of the nose.
8. Remain in this posture for 30seconds","2. JAALANDHARA BANDHA
1. Remain in same asana
2. Inhale fully
3. Place the chin on the chest and contract the throat
4. Fix the Gaze at the tip of the nose
5. Hold as long as possible judiciously
6. Release the throat lock and exhale slowly, when you feel you can’t hold anymore
7. Do this 21 times","3. TRISHOOLA KUMBHAKA
1. Inhale through the nostrils and also through the mouth simultaneously
2. Hold the breath as long as you can judiciously
3. Now exhale through the nostrils slowly and relax
4. Do this 21 times","4. NAAGA KUMBHAKA
1. Swallow air very slowly and let the air go little by little like eating rice morsel by morsel.
2. Once you are full, immediately contract the throat, place the chin on the chest
3. Hold the breath in this posture as long as possible
4. Then release the lock and exhale slowly from the throat
5. Do this 21 times","5. TRINETRA KUMBHAKA
1. Inhale through the left nostril
2. Hold the breath as long as you can judiciously
3. Without exhalation, inhale through the right nostril
4. Hold the breath as long as you can judiciously
5. Again without exhaling, inhale through both the nostrils
6. Hold the breath as long as you can judiciously
7. Now exhale through both the nostrils slowly 
8. Do this 21 times",,,,,,,,,
105,Care For Tinnitus,,"1. ANASOOYA ASANA
2. BHRAAMAREE KUMBHAKA","1. ANASOOYA ASANA
1. Place one knee above the other
2. Hold the hands from the back
3. Bend down to touch the nose on the ground
4. Gaze at the tip of the nose
5. Remain in this pose 30 seconds","2. BHRAAMAREE KUMBHAKA
1. Inhale rapidly with the sound ‘mmm’ of a bee
2. Hold 
3. Exhale steadily and slowly with the sound of a ‘mmm’ of a bee
4. Do this 21 times",,,,,,,,,,,,
106,Cure For Tinnitus,,"1. ANDHAASANA
2. BHRAAMAREE KUMBHAKA","1. ANDHAASANA
1. Sit in a squatting position
2. Direct the knees forward
3. Bend forward
4. Lower the head in between the knees
5. Keep the elbows adjacent to the knees
6. Hold the head with your hands
7. Exhale completely through mouth 
8. Practice Mula Bandha– i.e., the practitioner should press with left heel between the anus and 
scrotum. And then contract the anus. 
9. Remain in this pose 30 seconds
10. Release Mulabandha","2. BHRAAMAREE KUMBHAKA
1. Inhale rapidly with the sound ‘mmm’ of a bee
2. Hold 
3. Exhale steadily and slowly with the sound of a ‘mmm’ of a bee
4. Do this 21 times",,,,,,,,,,,,
107,Care For Ulcerative Colitis And Crohn's Disease,,"1. DURVAASA ASANA
2. BHASTRIKAA KUMBHAKA
3. TRISHOOLA KUMBHAKA
4. TRINETRA KUMBHAKA","1. DURVAASA ASANA 
1. Stay on the floor 
2. Bend your right knee and place the right leg on the left side hip
3. Bend the left knee and place the left foot on the above the right thigh so that the left foot is 
placed near the right side hip
4. Touch the right hand finger tips with the middle joints of left fingers
5. Place the hands on the genitals
6. Fix the gaze at the eye brow center 
7. Remain in this position for 30 seconds","2. BHASTRIKAA KUMBHAKA 
1. Rapidly inhale and exhale like the bellows of the black smith until you become fatigued
2. Then inhale through the right nostril
3. Press the chin on the chest so that the throat is locked
4. Hold the breath as long as you can judiciously
5. Relax the chin and exhale through left nostril
6. Do this continuously for 7 minutes","3. TRISHOOLA KUMBHAKA
1. Inhale through the nostrils and also through the mouth simultaneously
2. Hold the breath as long as you can judiciously
3. Now exhale through the nostrils slowly and relax
4. Do this for 7 minutes","4. TRINETRA KUMBHAKA
1. Inhale through the left nostril
2. Hold the breath as long as you can judiciously
3. Without exhalation, inhale through the right nostril
4. Hold the breath as long as you can judiciously
5. Again without exhaling, inhale through both the nostrils
6. Hold the breath as long as you can judiciously
7. Now exhale through both the nostrils slowly 
8. Do this 21 times",,,,,,,,,,
108,Cure For Ulcerative Colitis And Crohn's Disease,,"1. VAJRA ASANA
2. BHASTRIKAA KUMBHAKA
3. TRISHOOLA KUMBHAKA
4. TRINETRA KUMBHAKA","1. VAJRA ASANA
1. With knees, ankles and big toes touching the ground, stand on a kneeling position.
2. Sit erect with the heels under your buttocks
3. Erect in this asana 30 seconds","2. BHASTRIKAA KUMBHAKA 
1. Rapidly inhale and exhale like the bellows of the black smith until you become fatigued
2. Then inhale through the right nostril
3. Press the chin on the chest so that the throat is locked
4. Hold the breath as long as you can judiciously
5. Relax the chin and exhale through left nostril
6. Do this continuously for 7 minutes","3. TRISHOOLA KUMBHAKA
1. Inhale through the nostrils and also through the mouth simultaneously
2. Hold the breath as long as you can judiciously
3. Now exhale through the nostrils slowly and relax
4. Do this for 7 minutes","4. TRINETRA KUMBHAKA
1. Inhale through the left nostril
2. Hold the breath as long as you can judiciously
3. Without exhalation, inhale through the right nostril
4. Hold the breath as long as you can judiciously
5. Again without exhaling, inhale through both the nostrils
6. Hold the breath as long as you can judiciously
7. Now exhale through both the nostrils slowly 
8. Do this 21 times",,,,,,,,,,
109,Care For Urinary Problems,,"1. PADMA ASANA
2. SVANGA SHRUNKALA KUMBHAKA
3. PLAAVINEE KUMBHAKA
4. MOORCCHANA","1. PADMA ASANA
1. Place the right foot on the left thigh 
2. Now place the left foot on the right thigh
3. Place the hands between the thighs with the palms facing upwards 
4. Concentrating on the tip of the nose, keep the tongue pressed on the upper teeth
5. Press the chin on your chest, push the air slowly upward
6. Exhale slowly
7. Do this 3 times and release the chin on your chest and tongue pressed on the upper teeth","2. SVANGA SHRUNKALA KUMBHAKA
1. Exhale completely
2. Hold the breath outside as long as possible
3. When you can not hold any more, allow the body to inhale by itself.
4. Again exhale and hold the breath
5. Hold the breath outside as long as possible.
6. Do this 21 times","3. PLAAVINEE KUMBHAKA 
1. Stay on same posture
2. Inhale completely
3. Contract the throat and rest your chin on the chest
4. Retain the air inside as much as you can possible
5. When you can't hold anymore, Release the throat lock and exhale slowly 
6. Do this 21 times","4. MOORCCHANA
1. Sit in same asana and close the eyes
2. Inhale slowly and deeply through both nostrils
3. After inhaling, immediately Do Jalandhara Bandha by putting your chin on the chest and 
locking the throat 
4. Hold the breath as long as you can. 
5. When you can't hold anymore, Exhale through both nostrils in a very controlled manner in 
Jaalandhara bandha itself
6. Do this 21 times",,,,,,,,,,
110,Cure For Urinary Problems,,"1. VAJRA ASANA
2. SVANGA SHRUNKHALA KUMBHAKA
3. PLAAVINEE KUMBHAKA
4. MOORCCHANAA KUMBHAKA","1. VAJRA ASANA
1. With knees, ankles and big toes touching the ground, stand on a kneeling position.
2. Sit erect with the heels under your buttocks
3. Erect in this asana 30 seconds","2. SVANGA SHRUNKALA KUMBHAKA
1. Exhale completely
2. Hold the breath outside as long as possible
3. When you can not hold any more, allow the body to inhale by itself.
4. Again exhale and hold the breath
5. Hold the breath outside as long as possible.
6. Do this 21 times","3. PLAAVINEE KUMBHAKA 
1. Stay on same posture
2. Inhale completely
3. Contract the throat and rest your chin on the chest
4. Retain the air inside as much as you can possible
5. When you can't hold anymore, Release the throat lock and exhale slowly 
6. Do this 21 times","4. MOORCCHANA
1. Sit in same asana and close the eyes
2. Inhale slowly and deeply through both nostrils
3. After inhaling, immediately Do Jalandhara Bandha by putting your chin on the chest and 
locking the throat 
4. Hold the breath as long as you can. 
5. When you can't hold anymore, Exhale through both nostrils in a very controlled manner in 
Jaalandhara bandha itself
6. Do this 21 times",,,,,,,,,,
111,Care For Vertigo,,"1. ANDHAASANA
2. PRAKRITHI KUMBHAKA
3. KOORMA KUMBHAKA
4. AARAMBHAASANA
5. GADAA KUMBHAKA
6. VAAMAAVARTHA CHAKRA KUMBHAKA
7. DAKSHINAAVARTA CHAKRA KUMBHAKA","1. ANDHAASANA
1. Sit in a squatting position
2. Direct the knees forward
3. Bend forward
4. Lower the head in between the knees
5. Keep the elbows adjacent to the knees
6. Hold the head with your hands
7. Exhale completely through mouth 
517
8. Practice Mula Bandha– i.e., The practitioner should press with left heel between the anus and 
scrotum. And then contract the anus. 
9. Remain in this pose 30 seconds
10. Release Mulabandh","2. PRAKRITHI KUMBHAKA
1. As you chant the bija mantra “VA” loudly, suck in air quickly.
2. After you are full, hold the breath
3. Then slowly exhale normally
4. Do this 21 times
P.S: If you have Hypertension, Hernia or if you are Pregnant do not hold the breath","3. KOORMA KUMBHAKA
1. Continue to be seated in the same asana
2. Fix your sight at one point and stare
3. Do not blink your eyes
4. Do not allow your eye balls to move.
5. Do not move your body.
6. While you stare intensely, automatically the breathing will stop. Hold the breath as long as you 
can. 
7. When you can't hold anymore, relax
8. Then again stare
9. Do this 21 times.","4. AARAMBHAASANA
1. Sit with the legs stretched.
2. Bend your body and catch hold of the great toes with your hands
3. Try to touch the knees with your head
4. Remain in this pose 30 seconds","5. GADAA KUMBHAKA
1. Inhale through both the nostrils
2. Hold the breath
3. Exhale through the right nostril
4. Do this 21 times","6. VAAMAAVARTHA CHAKRA KUMBHAKA
1. Inhale through left nostril
2. Hold the breath as long as you can judiciously
3. Exhale through the right nostril
4. Again inhale through left nostril
5. Hold the breath as long as you can judiciously
6. Exhale through the right nostril
7. Do this 21 times","7. DAKSHINAAVARTA CHAKRA KUMBHAKA
1. Inhale deeply and fully through the right nostril
2. Hold the breath inside as long as possible
3. When you can’t hold anymore slowly release the breath through the left nostril
4. Again inhale deeply and fully through the right nostril
5. Hold the breath inside as long as possible
6. When you can’t hold anymore slowly release the breath through the left nostril
( practise as described from points 1-6 once more. With this two rounds of Dakshinavartha 
chakrakumbhaka is completed. Then do one round of agnishoma kumbhaka as described below)
7. inhale through the right nostril
8. hold the breath
9. exhale through the left nostril
10. now inhale through the left nostril
11. hold the breath
12. exhale through the right nostril
13. Do this 21 times",,,,,,,
112,Cure For Vertigo,,"1. GORAKHAJAALI ASANA
2. PRAKRITHI KUMBHAKA
3. KOORMA KUMBHAKA
4. KAANI PAAVA ASANA
5. GADAA KUMBAKA
6. VAMAVARTHA CHAKRA KUMBHAKA
7. DAKSHINAVARTHA SHANKHA KUMBHAKA","1. GORAKHAJAALI ASANA
1. Be seated in a squatting position
2. Insert the hands in betweeen the thighs and calf muscles 
3. Interlock the fingers
4. Rest the palm on the navel
5. Fix the gaze at the tip of the nose
6. Remain in this position for 30 seconds","2. PRAKRITHI KUMBHAKA
1. As you chant the bija mantra “VA” loudly, suck in air quickly.
2. After you are full, hold the breath
3. Then slowly exhale normally
4. Do this 21 times
P.S: If you have Hypertension, Hernia or if you are Pregnant do not hold the breath","3. KOORMA KUMBHAKA
1. Continue to be seated in the same asana
2. Fix your sight at one point and stare
3. Do not blink your eyes
4. Do not allow your eye balls to move.
5. Do not move your body.
6. While you stare intensely, automatically the breathing will stop. Hold the breath as long as you 
can. 
7. When you can't hold anymore, relax
8. Then again stare
9. Do this 21 times.","4. AARAMBHAASANA
1. Sit with the legs stretched.
2. Bend your body and catch hold of the great toes with your hands
3. Try to touch the knees with your head
4. Remain in this pose 30 seconds","5. GADAA KUMBHAKA
1. Inhale through both the nostrils
2. Hold the breath
3. Exhale through the right nostril
4. Do this 21 times","6. VAAMAAVARTHA CHAKRA KUMBHAKA
1. Inhale through left nostril
2. Hold the breath as long as you can judiciously
3. Exhale through the right nostril
4. Again inhale through left nostril
5. Hold the breath as long as you can judiciously
6. Exhale through the right nostril
7. Do this 21 times","7. DAKSHINAAVARTA CHAKRA KUMBHAKA
1. Inhale deeply and fully through the right nostril
2. Hold the breath inside as long as possible
3. When you can’t hold anymore slowly release the breath through the left nostril
4. Again inhale deeply and fully through the right nostril
5. Hold the breath inside as long as possible
6. When you can’t hold anymore slowly release the breath through the left nostril
( practise as described from points 1-6 once more. With this two rounds of Dakshinavartha 
chakrakumbhaka is completed. Then do one round of agnishoma kumbhaka as described below)
7. inhale through the right nostril
8. hold the breath
9. exhale through the left nostril
10. now inhale through the left nostril
11. hold the breath
12. exhale through the right nostril
13. Do this 21 times",,,,,,,
113,,,,,,,,,,,,,,,,,
114,,,,,,,,,,,,,,,,,